{"bleu": [0.4112788379377923, 0.2743269522468034, 0.18892564814646978, 0.1316843379404944], "meteor": 0.212699470989621, "rouge": 0.4172746060362686, "cider": 0.7476181540676616, "spice": 0.2400931636166509, "bertscore_avg_precision": 0.8992179953134977, "bertscore_avg_recall": 0.9149992263694694, "bertscore_avg_f1": 0.9046287301978374, "full_bertscore": {"precision": [0.8891811966896057, 0.875496506690979, 0.8749394416809082, 0.8494477272033691, 0.8677253723144531, 0.8939468860626221, 0.8921225666999817, 0.8667636513710022, 0.9999997615814209, 0.8715558052062988, 1.0, 0.8412758708000183, 0.8723772764205933, 0.8724931478500366, 0.9012960195541382, 0.8623685836791992, 0.9251267910003662, 0.9620785117149353, 0.9250196814537048, 0.8953210115432739, 0.8685349822044373, 0.9166237115859985, 0.8789445161819458, 0.8843289613723755, 0.9041961431503296, 0.9010792374610901, 0.9177900552749634, 0.8772531747817993, 0.9056980013847351, 0.8549318313598633, 0.9006272554397583, 0.9357658624649048, 0.8880356550216675, 0.9275256395339966, 0.9097734093666077, 0.9178069233894348, 0.9230241775512695, 0.900973379611969, 0.9176807403564453, 0.891997754573822, 0.8760894536972046, 0.8853400349617004, 0.9448648691177368, 0.9397969245910645, 0.8918819427490234, 0.919943630695343, 0.9399977922439575, 0.8747987747192383, 0.8883509635925293, 0.8915101289749146, 0.9232988357543945, 0.9027392268180847, 0.8683210611343384, 0.8976073861122131, 0.886411190032959, 0.8872389793395996, 0.8791403770446777, 0.8769567012786865, 0.8860557675361633, 0.9623743295669556, 0.9250196814537048, 0.9999998211860657, 0.8630667924880981, 0.8888740539550781, 0.8865242600440979, 0.8953913450241089, 0.8786630630493164, 0.8761938214302063, 0.9222081899642944, 0.9160662889480591, 0.8763151168823242, 0.9110880494117737, 0.9215511679649353, 0.9050204157829285, 0.8991949558258057, 0.9433892369270325, 0.8769969344139099, 0.9185607433319092, 0.8888787627220154, 0.8540040254592896, 0.9174970388412476, 0.9103959202766418, 0.8905054926872253, 0.864471971988678, 0.8518702387809753, 0.8978369235992432, 0.8919517993927002, 0.9248998761177063, 1.0, 0.8645018935203552, 0.914762020111084, 0.8881351947784424, 0.8818687796592712, 0.905898928642273, 0.8536728024482727, 0.9119358062744141, 0.8961457014083862, 0.879252016544342, 0.9141415953636169, 0.9242678284645081, 0.9239166378974915, 0.9687442779541016, 0.8917506337165833, 0.9204856157302856, 0.9254280924797058, 0.8814907073974609, 0.923600435256958, 0.9051124453544617, 0.9024039506912231, 0.8527208566665649, 0.9114026427268982, 0.9851363897323608, 0.952039361000061, 0.9114867448806763, 0.8840929865837097, 0.8784609436988831, 0.8743596076965332, 0.8106887340545654, 0.8466228246688843, 0.8908233642578125, 0.8967488408088684, 0.867428183555603, 0.8745742440223694, 0.8794393539428711, 0.8809880614280701, 0.8836348056793213, 0.9433606863021851, 0.9999997615814209, 0.8843637704849243, 0.9119358062744141, 0.9142204523086548, 0.8859983682632446, 0.9254280924797058, 0.8800727128982544, 0.8590284585952759, 0.8832530975341797, 0.8781900405883789, 0.9430750608444214, 0.9700354337692261, 0.8372652530670166, 0.9275239706039429, 0.9012154340744019, 0.9135095477104187, 0.8966416120529175, 0.9571951031684875, 0.9404462575912476, 0.9095097780227661, 0.8884516954421997, 0.8702584505081177, 0.8991823792457581, 0.9683928489685059, 0.9999998211860657, 0.9157166481018066, 0.894108772277832, 0.88705974817276, 0.9008921384811401, 1.0, 0.923723042011261, 0.8435428142547607, 0.8809820413589478, 0.9116735458374023, 0.8887267708778381, 0.8793991208076477, 0.9240000247955322, 0.9122552871704102, 0.8455026149749756, 0.9241602420806885, 0.8492363691329956, 0.9180432558059692, 0.8388057351112366, 0.8866177797317505, 0.8589441776275635, 0.9507976174354553, 0.9612436890602112, 0.8838008046150208, 0.8542038202285767, 0.917975664138794, 0.8703194856643677, 0.8317235708236694, 0.9294936060905457, 0.8965989351272583, 0.8872392773628235, 0.9077785015106201, 0.847348153591156, 0.9181184768676758, 0.8969831466674805, 0.8567245602607727, 0.9360880255699158, 0.8810327053070068, 0.8417776226997375, 0.902012825012207, 0.8657578229904175, 0.9893262982368469, 0.8910254240036011, 0.8753038048744202, 0.8646701574325562, 0.8767145872116089, 0.9295903444290161, 0.883446216583252, 0.8420785069465637, 0.883747935295105, 0.8583875298500061, 0.9466474056243896, 0.8694310784339905, 0.8471671938896179, 0.9307607412338257, 0.8992323875427246, 0.8822860717773438, 0.8817469477653503, 0.8824664354324341, 0.8810051083564758, 0.9755021333694458, 0.8729997873306274, 0.8876441717147827, 0.8779318332672119, 0.8503665924072266, 0.9050294756889343, 0.8917733430862427, 0.8922204971313477, 0.9262857437133789, 0.8849819898605347],