{"social_media": {"bleu": [0.346874999998916, 0.20996296854505062, 0.13045364438763815, 0.07666972033968761], "meteor": 0.20592323208805097, "rouge": 0.34212443267273174, "cider": 0.4610302303948788, "spice": 0.16510977066519147}, "news": {"bleu": [0.3037542662105674, 0.15230160973779172, 0.07670351907996503, 0.03706909572213324], "meteor": 0.17111133685839194, "rouge": 0.28496514368348846, "cider": 0.30717439318647843, "spice": 0.13373456608750728}, "shopping": {"bleu": [0.44352617079767626, 0.29385409294861914, 0.21449564475251626, 0.15932319677406914], "meteor": 0.19085867194020015, "rouge": 0.411060874181542, "cider": 0.8789962197759058, "spice": 0.24575906276408108}, "science_journals": {"bleu": [0.3806818181807367, 0.2545523624366038, 0.1742840387201898, 0.11694902424298254], "meteor": 0.19348685915115998, "rouge": 0.378542530027721, "cider": 0.6350785717204187, "spice": 0.2543429261843584}, "travel": {"bleu": [0.31649831649725085, 0.210715075307119, 0.142838996648695, 0.0960189146795598], "meteor": 0.20681979523381874, "rouge": 0.3090501657338322, "cider": 0.5190981263245371, "spice": 0.24031683604357548}, "health": {"bleu": [0.4296028880850917, 0.2970719712109399, 0.20694053406974824, 0.15410279400634505], "meteor": 0.22184440326516822, "rouge": 0.41044878278171154, "cider": 0.713416605931861, "spice": 0.22696317484870393}}