{"bleu": [0.3722397476338737, 0.23907095574485723, 0.16110208712354782, 0.11072449031317466], "meteor": 0.19834836132335087, "rouge": 0.3593258456872588, "cider": 0.6011123521156222, "spice": 0.21371735797641656, "bertscore_avg_precision": 0.8649514149273595, "bertscore_avg_recall": 0.8858669140646535, "bertscore_avg_f1": 0.8732669781292638, "full_bertscore": {"precision": [0.8906201720237732, 0.8711879849433899, 0.8367275595664978, 0.8241090178489685, 0.8759065866470337, 0.9188855290412903, 0.8862589597702026, 0.8632457852363586, 0.9999998211860657, 0.850974440574646, 0.9429256916046143, 0.8541382551193237, 0.8910879492759705, 0.8562794923782349, 0.9119475483894348, 0.9139115810394287, 0.9066006541252136, 0.9620784521102905, 0.9221187233924866, 0.9043392539024353, 0.8710708618164062, 0.885610818862915, 0.888948380947113, 0.887549102306366, 0.9191838502883911, 0.8706495761871338, 0.9177900552749634, 0.887128472328186, 0.8953105211257935, 0.8772270679473877, 0.8543809652328491, 0.9383574724197388, 0.8772823810577393, 0.8907588124275208, 0.8786301612854004, 0.9011802673339844, 0.9076939821243286, 0.9127743244171143, 0.8849548697471619, 0.8837020397186279, 0.8536016941070557, 0.8906006813049316, 0.9350185394287109, 0.9155536890029907, 0.8918819427490234, 0.9153957366943359, 0.8747744560241699, 0.8292043209075928, 0.871501088142395, 0.9154767990112305, 0.8872258067131042, 0.9027391672134399, 0.8769274353981018, 0.8619370460510254, 0.8934963941574097, 0.8761972784996033, 0.8672263622283936, 0.8617483377456665, 0.8543704748153687, 0.8536478281021118, 0.9221187233924866, 0.9631955027580261, 0.8886007070541382, 0.8791332244873047, 0.9200406670570374, 0.8817969560623169, 0.8786630630493164, 0.0, 0.9222081303596497, 0.8954467177391052, 0.8452337980270386, 0.9036744832992554, 0.0, 0.8517864942550659, 0.86080002784729, 0.9541836977005005, 0.9470369219779968, 0.8705881237983704, 0.8418447971343994, 0.868367075920105, 0.8605995774269104, 0.8734851479530334, 0.889205276966095, 0.8449798226356506, 0.8495192527770996, 0.8375321626663208, 0.8876349329948425, 0.9012240171432495, 0.8268953561782837, 0.944973349571228, 0.8617954850196838, 0.8843720555305481, 0.8704910278320312, 0.8831904530525208, 0.9341462850570679, 0.8468128442764282, 0.9114689826965332, 0.8746744990348816, 0.8789921998977661, 0.882362961769104, 0.862055778503418, 0.0, 0.918942928314209, 0.8994694948196411, 0.8914580345153809, 0.9014933109283447, 0.9092156291007996, 0.8734298348426819, 0.9334810972213745, 0.9045860767364502, 0.8630568981170654, 0.8420244455337524, 0.9043266773223877, 0.9390655755996704, 0.8126481175422668, 0.9007346630096436, 0.8703931570053101, 0.8876708745956421, 0.8412196636199951, 0.8332831263542175, 0.8725447058677673, 0.8547898530960083, 0.8798727989196777, 0.8770853877067566], "recall": [0.9129319190979004, 0.8910785913467407, 0.8940192461013794, 0.8908754587173462, 0.8777211904525757, 0.9355864524841309, 0.9343721866607666, 0.8987191915512085, 0.9999998211860657, 0.8452684879302979, 0.983096718788147, 0.8810816407203674, 0.925693929195404, 0.8889354467391968, 0.9339682459831238, 0.9099322557449341, 0.9196627140045166, 0.9499022960662842, 0.8918399810791016, 0.9569854140281677, 0.8767097592353821, 0.8837789297103882, 0.9181223511695862, 0.8725305795669556, 0.939473032951355, 0.8811691999435425, 0.9155377745628357, 0.8964298963546753, 0.9126172661781311, 0.9052913188934326, 0.8822025060653687, 0.9570629000663757, 0.8776205778121948, 0.8997085094451904, 0.9121760129928589, 0.9306003451347351, 0.9122709035873413, 0.9432234168052673, 0.9468151330947876, 0.901902973651886, 0.9103072881698608, 0.918423056602478, 0.9625455737113953, 0.936599612236023, 0.8934008479118347, 0.9173367619514465, 0.9432153105735779, 0.8360146880149841, 0.943604052066803, 0.9526188373565674, 0.9141117334365845, 0.889432430267334, 0.8742262125015259, 0.859490156173706, 0.9059627056121826, 0.8848882913589478, 0.9447857141494751, 0.8792896866798401, 0.8391780257225037, 0.934129536151886, 0.8918399810791016, 0.9631955027580261, 0.8959487080574036, 0.8952209949493408, 0.9683769345283508, 0.910191535949707, 0.9382777214050293, 0.0, 0.8996536731719971, 0.927923321723938, 0.880940318107605, 0.912330150604248, 0.0, 0.8643513917922974, 0.8692231774330139, 0.9399721622467041, 0.9269521236419678, 0.8747979402542114, 0.8943208456039429, 0.9079780578613281, 0.8948929309844971, 0.899303674697876, 0.9163362979888916, 0.874841570854187, 0.860873818397522, 0.8758916258811951, 0.8992239832878113, 0.9351566433906555, 0.8856463432312012, 0.9849281907081604, 0.9077069759368896, 0.9406399726867676, 0.8693193197250366, 0.9391437768936157, 0.9622126817703247, 0.8903791904449463, 0.9500390291213989, 0.9154618978500366, 0.8931770324707031, 0.9185217618942261, 0.9193786978721619, 0.0, 0.9178552031517029, 0.886246383190155, 0.891973078250885, 0.9269608855247498, 0.9016989469528198, 0.9192185401916504, 0.8791016340255737, 0.8979867696762085, 0.8667808175086975, 0.8686877489089966, 0.9056934714317322, 0.9565425515174866, 0.8875617384910583, 0.8965951204299927, 0.8899260759353638, 0.90345299243927, 0.8682810068130493, 0.867925763130188, 0.915142297744751, 0.8879868984222412, 0.8999799489974976, 0.8908544182777405], "f1": [0.8961458206176758, 0.8810210227966309, 0.8644252419471741, 0.8561925888061523, 0.8768129348754883, 0.9271608591079712, 0.9096798300743103, 0.8725189566612244, 0.9999998211860657, 0.843406081199646, 0.9625923037528992, 0.8669232726097107, 0.9055681228637695, 0.8706737160682678, 0.9196875095367432, 0.9119175672531128, 0.9130849242210388, 0.9559515714645386, 0.9067266583442688, 0.9289120435714722, 0.8738812804222107, 0.88469398021698, 0.903299868106842, 0.8799757361412048, 0.9292176961898804, 0.8758777976036072, 0.9166625738143921, 0.8854174017906189, 0.891892671585083, 0.8910382986068726, 0.8680688738822937, 0.9474757313728333, 0.8774514198303223, 0.8858198523521423, 0.8934952020645142, 0.9156540036201477, 0.9021509289741516, 0.913896918296814, 0.9148405194282532, 0.8809918761253357, 0.881043016910553, 0.904297947883606, 0.9485823512077332, 0.9259570837020874, 0.891798198223114, 0.9163652658462524, 0.9077065587043762, 0.8325955271720886, 0.905354380607605, 0.9336786270141602, 0.9004681706428528, 0.8960363864898682, 0.8726812601089478, 0.8512441515922546, 0.899686336517334, 0.8755301237106323, 0.9035688042640686, 0.8704306483268738, 0.8467061519622803, 0.8920770883560181, 0.9067266583442688, 0.9631955027580261, 0.8833267688751221, 0.8871042132377625, 0.9435901641845703, 0.8957692980766296, 0.9074923992156982, 0.0, 0.8973367214202881, 0.893090546131134, 0.8627177476882935, 0.9079816937446594, 0.0, 0.8571197390556335, 0.8619447946548462, 0.9470246434211731, 0.9368868470191956, 0.8726879358291626, 0.8672897219657898, 0.8877308964729309, 0.8774113059043884, 0.8767278790473938, 0.9025669693946838, 0.8596514463424683, 0.8515676856040955, 0.8562825322151184, 0.8918554186820984, 0.9042373299598694, 0.8426378965377808, 0.9645371437072754, 0.8831162452697754, 0.911638617515564, 0.8699047565460205, 0.9103080630302429, 0.947971761226654, 0.868049681186676, 0.9298143982887268, 0.893746554851532, 0.8860278129577637, 0.9000793695449829, 0.8897948861122131, 0.0, 0.9183987379074097, 0.8894609808921814, 0.8826131224632263, 0.9140496850013733, 0.9054417014122009, 0.8957394361495972, 0.9054756760597229, 0.9012743830680847, 0.8577357530593872, 0.8546038866043091, 0.9050095081329346, 0.9477234482765198, 0.8484545350074768, 0.8986601233482361, 0.8800511956214905, 0.895492434501648, 0.8545361161231995, 0.8478543162345886, 0.8933359384536743, 0.8638613224029541, 0.8879470825195312, 0.8834303021430969], "hashcode": "roberta-large_L17_no-idf_version=0.3.12(hug_trans=4.34.0)"}}