{"travel": {"bleu": [0.2683535874812272, 0.16863351686998657, 0.10757746097268017, 0.07120254836500527], "meteor": 0.19425828092015712, "rouge": 0.345193623320481, "cider": 0.40914630237454547, "spice": 0.22360241265155073, "clipscore": 0.7712359512061403, "clipscore_std": 0.11407792873521258, "ref_clipscore": 0.7441234923245614, "ref_clipscore_std": 0.07362166206231086}, "shopping": {"bleu": [0.24476892970039968, 0.1499564356930681, 0.09442683779858081, 0.06278841619136948], "meteor": 0.18594639870742927, "rouge": 0.33893429905787226, "cider": 0.41197839217251236, "spice": 0.20279761398165305, "clipscore": 0.7527982271634616, "clipscore_std": 0.11097693255526496, "ref_clipscore": 0.7484553410456731, "ref_clipscore_std": 0.09438813151156591}, "social_media": {"bleu": [0.23319514361856183, 0.14090410050268518, 0.08944275720601307, 0.059110799808337576], "meteor": 0.18232031436617482, "rouge": 0.32224212115435336, "cider": 0.3647925397835705, "spice": 0.18851145794179305, "clipscore": 0.7672093168218085, "clipscore_std": 0.09680184948346435, "ref_clipscore": 0.7612928025265957, "ref_clipscore_std": 0.07129458530212789}, "health": {"bleu": [0.24187872225226828, 0.15027786596695317, 0.09435038572876266, 0.059828616171619914], "meteor": 0.1858675310959233, "rouge": 0.34047879448633667, "cider": 0.4171655976081128, "spice": 0.20434557298026088, "clipscore": 0.7965309836647727, "clipscore_std": 0.08228481321186275, "ref_clipscore": 0.7679332386363636, "ref_clipscore_std": 0.06078672484126049}, "news": {"bleu": [0.21915037086982883, 0.1363416822817491, 0.08551596642405106, 0.055038798039563686], "meteor": 0.17905917151204123, "rouge": 0.3135894866782412, "cider": 0.3485576448662295, "spice": 0.1914455299183114, "clipscore": 0.7776442307692307, "clipscore_std": 0.11984786343044983, "ref_clipscore": 0.7432908278245193, "ref_clipscore_std": 0.09348685049432258}, "science_journals": {"bleu": [0.2187584345478787, 0.13468996735262748, 0.08507497855812088, 0.05482981606743075], "meteor": 0.18067720918497163, "rouge": 0.298349171368873, "cider": 0.3275808514275551, "spice": 0.19135983450820906, "clipscore": 0.7739007411858975, "clipscore_std": 0.10360841760006538, "ref_clipscore": 0.7555901943108975, "ref_clipscore_std": 0.08321705301044445}}