{"travel": {"bleu": [0.26637963309616874, 0.16746763313095214, 0.10474515251524005, 0.06649974295910331], "meteor": 0.18223052713032908, "rouge": 0.36290223959020323, "cider": 0.47261011879812675, "spice": 0.22361574593122763, "clipscore": 0.7237356085526315, "clipscore_std": 0.11444870202527904, "ref_clipscore": 0.7315909402412281, "ref_clipscore_std": 0.07705865367657672}, "shopping": {"bleu": [0.2557217516669209, 0.1569045126873726, 0.09881239119088715, 0.06427160780988947], "meteor": 0.17558786359689307, "rouge": 0.3581602870481612, "cider": 0.5023445198328245, "spice": 0.19278000924472025, "clipscore": 0.7283794696514423, "clipscore_std": 0.107434597872775, "ref_clipscore": 0.7537747896634616, "ref_clipscore_std": 0.07029861674287094}, "social_media": {"bleu": [0.24663755458510975, 0.14834978502451965, 0.0911105021183073, 0.05689412856413539], "meteor": 0.17885841782033254, "rouge": 0.3557472353973719, "cider": 0.4850975795072136, "spice": 0.1903850321380097, "clipscore": 0.7183915807845744, "clipscore_std": 0.10941019449792827, "ref_clipscore": 0.7538439162234043, "ref_clipscore_std": 0.06653481248908687}, "health": {"bleu": [0.26251195409622846, 0.1618617619907583, 0.1011381209079444, 0.06320984211911959], "meteor": 0.1826769220918023, "rouge": 0.362470783966489, "cider": 0.43706516401774215, "spice": 0.210875442559118, "clipscore": 0.7563032670454546, "clipscore_std": 0.09577046748372857, "ref_clipscore": 0.7645263671875, "ref_clipscore_std": 0.08154483766028627}, "news": {"bleu": [0.2247295208654985, 0.13743634600035623, 0.08494938617587279, 0.05521513777593732], "meteor": 0.17328718840805138, "rouge": 0.33362318826831333, "cider": 0.4131424909259789, "spice": 0.18711316509847267, "clipscore": 0.719970703125, "clipscore_std": 0.1120356267854377, "ref_clipscore": 0.7383141150841346, "ref_clipscore_std": 0.08872136808357385}, "science_journals": {"bleu": [0.24497854077249012, 0.14799537733130821, 0.09264050242635134, 0.06031100906642239], "meteor": 0.17484007008238653, "rouge": 0.3354287017154923, "cider": 0.4631595832963303, "spice": 0.18634314417028608, "clipscore": 0.7098732972756411, "clipscore_std": 0.12316530479792916, "ref_clipscore": 0.7269255809294872, "ref_clipscore_std": 0.10518659755678883}}