{"travel": {"bleu": [0.26317470456714687, 0.16203953578371968, 0.10056623468892228, 0.06499927779685453], "meteor": 0.19306102571121644, "rouge": 0.3327036810480987, "cider": 0.3882434286740912, "spice": 0.2308683696795959}, "shopping": {"bleu": [0.2354347176575335, 0.13961643257715056, 0.08952841309289436, 0.062033188045108656], "meteor": 0.1796175746390013, "rouge": 0.3235488856786797, "cider": 0.40386339145884925, "spice": 0.19864958414732944}, "social_media": {"bleu": [0.2566577896137628, 0.1576455371927017, 0.09829460971504472, 0.06200819837000929], "meteor": 0.18677652517331778, "rouge": 0.3314509527735641, "cider": 0.3918086446742, "spice": 0.205618701579769}, "health": {"bleu": [0.2713498622588784, 0.16563678381749442, 0.10174786002251399, 0.06500755411962095], "meteor": 0.18807139205803028, "rouge": 0.3389632145119433, "cider": 0.42748770342657555, "spice": 0.19491258791737476}, "news": {"bleu": [0.2103185048696472, 0.1283223347728711, 0.07947004084843987, 0.05006858374844663], "meteor": 0.17898106674579753, "rouge": 0.31204633912813046, "cider": 0.31079649299965595, "spice": 0.18998129350854034}, "science_journals": {"bleu": [0.22351748606177813, 0.1370635010868831, 0.08630991121133796, 0.055840635154988535], "meteor": 0.18248277473305966, "rouge": 0.2993386576043239, "cider": 0.2773313024019341, "spice": 0.1993181795019967}}
