{"bleu": [0.2365860105245396, 0.14609719059108267, 0.09224338488292635, 0.06009563037270062], "meteor": 0.18459021821941815, "rouge": 0.326636277223337, "cider": 0.38500806999004417, "spice": 0.20029599432223685, "clipscore": 0.7758951822916667, "clipscore_std_dev": 0.10979681752118357, "ref_clipscore": 0.7590999348958334, "ref_clipscore_std_dev": 0.07317878601699801, "full_clipscore": [0.8828125, 0.8154296875, 0.84765625, 0.7314453125, 0.84423828125, 0.80810546875, 0.7919921875, 0.84375, 0.86865234375, 1.1376953125, 0.8984375, 0.85009765625, 0.7470703125, 0.6845703125, 0.869140625, 0.876953125, 0.748046875, 0.8193359375, 0.7158203125, 0.6142578125, 0.82470703125, 0.8916015625, 0.76416015625, 0.71826171875, 0.72314453125, 0.86376953125, 0.78076171875, 0.88134765625, 0.78515625, 0.93505859375, 0.857421875, 0.5703125, 0.71875, 0.685546875, 1.0107421875, 0.8359375, 0.6767578125, 0.5146484375, 0.9091796875, 0.8310546875, 0.85888671875, 0.955078125, 0.794921875, 0.8291015625, 0.810546875, 0.740234375, 0.7685546875, 0.826171875, 0.78076171875, 0.84375, 0.787109375, 0.5517578125, 0.7978515625, 0.7490234375, 0.87890625, 0.611328125, 0.6845703125, 0.833984375, 0.77392578125, 0.8388671875, 0.7578125, 0.96630859375, 0.98583984375, 0.57080078125, 0.8017578125, 0.85498046875, 0.71484375, 0.6728515625, 0.88671875, 0.84765625, 0.7783203125, 0.88623046875, 0.8369140625, 0.8369140625, 0.70556640625, 0.7001953125, 0.8720703125, 0.81640625, 0.568359375, 0.92041015625, 0.71875, 0.712890625, 0.8828125, 0.71044921875, 0.6875, 0.8447265625, 0.7138671875, 0.6875, 0.5537109375, 0.748046875, 0.58203125, 0.8515625, 0.9169921875, 0.798828125, 0.78173828125, 0.4775390625, 0.7861328125, 0.705078125, 0.5986328125, 0.82958984375, 0.8525390625, 0.69921875, 0.7890625, 0.8544921875, 0.5625, 0.732421875, 0.72509765625, 0.8115234375, 0.5146484375, 0.8310546875, 0.86474609375, 0.7392578125, 0.828125, 0.81982421875, 0.7392578125, 0.787109375, 0.615234375, 0.5771484375, 0.87158203125, 0.85009765625, 0.77587890625, 0.75146484375, 0.62158203125, 0.52490234375, 0.65478515625, 0.705078125, 0.8681640625, 0.740234375, 0.56689453125, 0.8447265625, 0.783203125, 0.80029296875, 0.921875, 0.8330078125, 0.72216796875, 0.8349609375, 0.8544921875, 0.68896484375, 0.80029296875, 0.720703125, 1.046875, 0.8369140625, 0.65478515625, 0.75146484375, 0.72705078125, 0.74951171875, 0.826171875, 0.82080078125, 0.7529296875, 0.6806640625], "full_ref_clipscore": [0.85888671875, 0.78662109375, 0.83447265625, 0.6923828125, 0.80810546875, 0.7626953125, 0.84619140625, 0.779296875, 0.74609375, 0.87060546875, 0.6337890625, 0.7509765625, 0.76025390625, 0.76611328125, 0.84130859375, 0.86865234375, 0.79052734375, 0.583984375, 0.763671875, 0.74755859375, 0.8154296875, 0.68310546875, 0.7529296875, 0.74462890625, 0.798828125, 0.87158203125, 0.78271484375, 0.666015625, 0.79638671875, 0.8515625, 0.7275390625, 0.65185546875, 0.765625, 0.73388671875, 0.70947265625, 0.82763671875, 0.74169921875, 0.65283203125, 0.810546875, 0.71435546875, 0.79931640625, 0.861328125, 0.86865234375, 0.60986328125, 0.8505859375, 0.6513671875, 0.74609375, 0.80419921875, 0.76318359375, 0.8046875, 0.86181640625, 0.69775390625, 0.8134765625, 0.74462890625, 0.7607421875, 0.74267578125, 0.76611328125, 0.74609375, 0.8369140625, 0.76611328125, 0.771484375, 0.69482421875, 0.85400390625, 0.6484375, 0.71826171875, 0.77392578125, 0.72216796875, 0.78955078125, 0.63720703125, 0.85107421875, 0.6689453125, 0.8095703125, 0.7177734375, 0.6953125, 0.744140625, 0.8212890625, 0.85888671875, 0.72900390625, 0.71044921875, 0.84912109375, 0.78759765625, 0.77783203125, 0.818359375, 0.80859375, 0.759765625, 0.830078125, 0.8173828125, 0.716796875, 0.6962890625, 0.75, 0.72705078125, 0.7314453125, 0.52783203125, 0.8662109375, 0.79150390625, 0.6123046875, 0.83056640625, 0.78759765625, 0.7216796875, 0.81787109375, 0.80908203125, 0.724609375, 0.67724609375, 0.75244140625, 0.72021484375, 0.73046875, 0.73486328125, 0.619140625, 0.62451171875, 0.7666015625, 0.8427734375, 0.7587890625, 0.78466796875, 0.798828125, 0.81103515625, 0.75732421875, 0.73681640625, 0.6982421875, 0.6484375, 0.8623046875, 0.68212890625, 0.7998046875, 0.7197265625, 0.6728515625, 0.78076171875, 0.7900390625, 0.8896484375, 0.76171875, 0.6962890625, 0.8291015625, 0.7890625, 0.82568359375, 0.87841796875, 0.837890625, 0.82080078125, 0.8046875, 0.7841796875, 0.7646484375, 0.783203125, 0.68701171875, 0.76220703125, 0.78759765625, 0.7236328125, 0.81201171875, 0.56103515625, 0.75439453125, 0.77685546875, 0.472412109375, 0.72265625, 0.70751953125], "bertscore_avg_precision": 0.8788965585791034, "bertscore_avg_recall": 0.9072852889696758, "bertscore_avg_f1": 0.8904713664035248}