{"bleu": [0.24959499786840275, 0.1529525404671458, 0.09530436715774973, 0.06092493976122789], "meteor": 0.17791318943365106, "rouge": 0.35151020356874807, "cider": 0.4664068108480085, "spice": 0.19847965070927232, "clipscore": 0.7276204427083334, "clipscore_std_dev": 0.1101903755830691, "ref_clipscore": 0.7460856119791667, "ref_clipscore_std_dev": 0.07993262203677967, "full_clipscore": [0.9326171875, 0.7841796875, 0.8134765625, 0.74609375, 0.857421875, 0.77734375, 0.755859375, 0.802734375, 0.81103515625, 1.013671875, 0.7431640625, 0.58740234375, 0.658203125, 0.7548828125, 0.85205078125, 0.72314453125, 0.65380859375, 0.81103515625, 0.5966796875, 0.63037109375, 0.85693359375, 0.73046875, 0.62109375, 0.552734375, 0.72314453125, 0.7919921875, 0.732421875, 0.591796875, 0.65869140625, 0.8740234375, 0.5263671875, 0.5654296875, 0.71826171875, 0.82275390625, 0.6865234375, 0.52490234375, 0.6728515625, 0.8310546875, 0.798828125, 0.75146484375, 0.7548828125, 0.8134765625, 0.82763671875, 0.681640625, 0.75146484375, 0.5751953125, 0.7216796875, 0.5185546875, 0.671875, 0.8291015625, 0.7392578125, 0.5517578125, 0.716796875, 0.7451171875, 0.6982421875, 0.611328125, 0.7529296875, 0.54833984375, 0.8427734375, 0.81103515625, 0.591796875, 0.93212890625, 0.75927734375, 0.5537109375, 0.72705078125, 0.828125, 0.6328125, 0.6591796875, 0.80810546875, 0.8515625, 0.75634765625, 0.841796875, 0.833984375, 0.80029296875, 0.76611328125, 0.7197265625, 0.8681640625, 0.5166015625, 0.7802734375, 0.92724609375, 0.81494140625, 0.701171875, 0.80322265625, 0.72705078125, 0.63916015625, 0.83056640625, 0.70556640625, 0.5830078125, 0.55224609375, 0.666015625, 0.58203125, 0.83251953125, 0.82275390625, 0.572265625, 0.69775390625, 0.4775390625, 0.826171875, 0.705078125, 0.61328125, 0.92529296875, 0.53173828125, 0.72998046875, 0.81640625, 0.76904296875, 0.64501953125, 0.82763671875, 0.623046875, 0.78857421875, 0.494140625, 0.9169921875, 0.9296875, 0.64404296875, 0.7861328125, 0.7490234375, 0.58984375, 0.767578125, 0.59521484375, 0.59716796875, 0.873046875, 0.7666015625, 0.7734375, 0.80517578125, 0.67822265625, 0.47900390625, 0.7109375, 0.74609375, 0.86376953125, 0.76708984375, 0.6015625, 0.814453125, 0.68310546875, 0.794921875, 0.771484375, 0.83251953125, 0.736328125, 0.8095703125, 0.7998046875, 0.642578125, 0.63232421875, 0.79541015625, 0.8037109375, 0.56689453125, 0.8388671875, 0.75146484375, 0.6640625, 0.74658203125, 0.84033203125, 0.7578125, 0.7392578125, 0.5234375], "full_ref_clipscore": [0.8740234375, 0.763671875, 0.78466796875, 0.775390625, 0.814453125, 0.787109375, 0.82861328125, 0.80224609375, 0.78173828125, 0.86474609375, 0.6259765625, 0.6123046875, 0.76611328125, 0.78955078125, 0.8115234375, 0.75830078125, 0.7314453125, 0.69482421875, 0.666015625, 0.7607421875, 0.86669921875, 0.65478515625, 0.7392578125, 0.666015625, 0.798828125, 0.8349609375, 0.73974609375, 0.73828125, 0.63134765625, 0.86279296875, 0.6484375, 0.677734375, 0.76318359375, 0.7529296875, 0.7197265625, 0.6826171875, 0.74462890625, 0.8154296875, 0.60498046875, 0.7724609375, 0.84716796875, 0.853515625, 0.72412109375, 0.56298828125, 0.78076171875, 0.7001953125, 0.74755859375, 0.65869140625, 0.7109375, 0.79833984375, 0.75390625, 0.69775390625, 0.6845703125, 0.71826171875, 0.751953125, 0.74267578125, 0.798828125, 0.689453125, 0.8759765625, 0.6982421875, 0.7119140625, 0.58935546875, 0.80322265625, 0.6474609375, 0.74853515625, 0.77001953125, 0.71630859375, 0.78173828125, 0.583984375, 0.85546875, 0.78466796875, 0.583984375, 0.81103515625, 0.716796875, 0.77392578125, 0.8193359375, 0.8828125, 0.64453125, 0.78271484375, 0.72412109375, 0.8466796875, 0.7744140625, 0.69091796875, 0.78662109375, 0.7421875, 0.8095703125, 0.8037109375, 0.67919921875, 0.70068359375, 0.77734375, 0.72705078125, 0.783203125, 0.6943359375, 0.70458984375, 0.78564453125, 0.6123046875, 0.86328125, 0.78759765625, 0.72607421875, 0.76171875, 0.68115234375, 0.78955078125, 0.72802734375, 0.5927734375, 0.7568359375, 0.74609375, 0.70947265625, 0.802734375, 0.6181640625, 0.7724609375, 0.86328125, 0.642578125, 0.85009765625, 0.83642578125, 0.72802734375, 0.7529296875, 0.69921875, 0.728515625, 0.6474609375, 0.841796875, 0.7822265625, 0.8369140625, 0.66845703125, 0.64794921875, 0.8017578125, 0.818359375, 0.87158203125, 0.73681640625, 0.72998046875, 0.81396484375, 0.7353515625, 0.84375, 0.822265625, 0.82177734375, 0.78759765625, 0.7822265625, 0.77099609375, 0.7431640625, 0.68505859375, 0.82373046875, 0.79736328125, 0.68798828125, 0.70556640625, 0.81201171875, 0.6484375, 0.744140625, 0.81201171875, 0.322998046875, 0.8173828125, 0.66015625], "bertscore_avg_precision": 0.8884156152544689, "bertscore_avg_recall": 0.9069465531243218, "bertscore_avg_f1": 0.8951511741175082}