{
    "IDEFICS": [
        [
            0.8893170993348302,
            0.6996550811902019,
            0.7737260312505833
        ],
        [
            0.8365614802079218,
            0.9290055766101315,
            0.7882037165807814
        ],
        [
            0.619355500256491,
            0.6504578320297603,
            0.6725023088247207
        ],
        [
            0.7910393058154371,
            0.7228007429538726,
            0.7941740576908313
        ],
        [
            0.6418944719907839,
            0.6919554422196917,
            0.6040214624982742
        ],
        [
            0.8065797924338127,
            0.8268682544963483,
            0.7666243393075832
        ]
    ],
    "mPLUG-Owl": [
        [
            0.5012364892392808,
            0.4009209472678362,
            0.4636256588114495
        ],
        [
            0.5400463896865937,
            0.46168072075135946,
            0.49353639033931546
        ],
        [
            0.3772792333949059,
            0.4072367687881465,
            0.39919926821632074
        ],
        [
            0.4169800026078342,
            0.4080104883391392,
            0.4530649924020735
        ],
        [
            0.32106895811259417,
            0.2547986819396523,
            0.3344223532726346
        ],
        [
            0.4809050349674155,
            0.510628493722287,
            0.4679281962821223
        ]
    ],
    "LLaVA": [
        [
            0.5868769313388658,
            0.368154217547836,
            0.4955351074285677
        ],
        [
            0.5046173690811715,
            0.46907108564997335,
            0.5188206781921212
        ],
        [
            0.4809937405253674,
            0.48221460510069847,
            0.49648662208552
        ],
        [
            0.3274289620057145,
            0.30978476684688,
            0.3319424959004023
        ],
        [
            0.3887343062735214,
            0.36801604613399447,
            0.2996906009478888
        ],
        [
            0.5710744303509756,
            0.5806826139484332,
            0.6068141771147667
        ]
    ],
    "BLIP-2": [
        [
            0.009577919822648665,
            0.015355711073425276,
            0.015852845898614697
        ],
        [
            0.04054558882224796,
            0.016381644418482652,
            0.015984878684073323
        ],
        [
            0.0034411614794308746,
            0.009158543000526733,
            0.008844237349926952
        ],
        [
            0.006788286347075365,
            0.004926510710633234,
            0.004678069084659895
        ],
        [
            0.002511538916032932,
            0.0024146443729246765,
            0.002460999518974118
        ],
        [
            0.0031740946591218545,
            0.003215028479004164,
            0.0027977074625018606
        ]
    ],
    "IDEFICS C+D": [
        [
            0.9440360394911492,
            0.8499885236134636,
            0.8747024531606065
        ],
        [
            0.9664852666357221,
            0.9235333970263986,
            0.808631696476962
        ],
        [
            0.7929209545084354,
            0.8875555164743207,
            0.9483262376921205
        ],
        [
            0.7582955675372188,
            0.7687966183335871,
            0.7843632201214151
        ],
        [
            0.8156654373040301,
            0.8951326315750046,
            0.7889769522416848
        ],
        [
            0.7479374424636932,
            0.73141883307273,
            0.7253829704611102
        ]
    ],
    "mPLUG-Owl C+D": [
        [
            0.24876567392492233,
            0.1827411116780314,
            0.22627946826223136
        ],
        [
            0.40227383184610244,
            0.3668002024165127,
            0.32756558606796177
        ],
        [
            0.37137141083724906,
            0.3683830273718374,
            0.4118806592776485
        ],
        [
            0.28924374969763417,
            0.3323193983266394,
            0.3129763110849178
        ],
        [
            0.268453702115526,
            0.22847520307976177,
            0.23559672925428266
        ],
        [
            0.31050258417903676,
            0.3576480312465778,
            0.3690202271141808
        ]
    ],
    "LLaVA C+D": [
        [
            0.17212133028613535,
            0.08859801383397199,
            0.11017281811645617
        ],
        [
            0.25919970069127185,
            0.23013787131106941,
            0.20370100818245332
        ],
        [
            0.25405428914624606,
            0.258671186076914,
            0.26217886736015766
        ],
        [
            0.2303960450879056,
            0.22980363527007394,
            0.25160158763295354
        ],
        [
            0.1374153673047098,
            0.11109776314223056,
            0.1008398839656511
        ],
        [
            0.17076184045030346,
            0.3063196674883598,
            0.26799403382209663
        ]
    ],
    "BLIP-2 C+D": [
        [
            0.33145491862543314,
            0.2258182646031227,
            0.2643749749690198
        ],
        [
            0.2109776227549791,
            0.2559619582358384,
            0.15296366520807533
        ],
        [
            0.13315550386536282,
            0.11214217294202641,
            0.1085767595816288
        ],
        [
            0.2678312894816155,
            0.27607155724536997,
            0.2660066723493025
        ],
        [
            0.24851547938496357,
            0.26122881187485814,
            0.2524319494062354
        ],
        [
            0.22062770162286965,
            0.24552541620790086,
            0.24353576037049676
        ]
    ]
}