{"bleu": [0.29785123966932303, 0.19510263859235175, 0.13120077901579258, 0.08963469065975244], "meteor": 0.20385778802868035, "rouge": 0.3853685256609626, "cider": 0.772279817855101, "spice": 0.22155238959955756, "bertscore_avg_precision": 0.8954925302599297, "bertscore_avg_recall": 0.9173698058870973, "bertscore_avg_f1": 0.9038451128318662, "full_bertscore": {"precision": [0.8391237258911133, 0.875496506690979, 0.874939501285553, 0.8494479656219482, 0.8561049699783325, 0.8939468860626221, 0.878889262676239, 0.8439910411834717, 0.9999997615814209, 0.8715558648109436, 1.0, 0.8300082683563232, 0.8658331632614136, 0.8574193716049194, 0.8803708553314209, 0.8678014278411865, 0.9251267910003662, 0.9620785117149353, 0.9250199198722839, 0.8953210115432739, 0.8862890005111694, 0.9121742248535156, 0.8580328226089478, 0.8843290209770203, 0.8776389360427856, 0.9010791778564453, 0.9177900552749634, 0.8528317213058472, 0.9056980609893799, 0.8276685476303101, 0.8883676528930664, 0.9357659220695496, 0.8805240988731384, 0.9275256395339966, 0.8735508918762207, 0.8953689336776733, 0.9230241775512695, 0.9081014394760132, 0.9176807403564453, 0.8919978737831116, 0.8760895133018494, 0.8797265887260437, 0.9448648691177368, 0.9397968649864197, 0.8918819427490234, 0.9257820844650269, 0.9399980306625366, 0.8265243768692017, 0.8883509635925293, 0.8925638198852539, 0.9232988357543945, 0.9027392268180847, 0.8683210611343384, 0.8846499919891357, 0.845262885093689, 0.8872389793395996, 0.879140317440033, 0.8766759634017944, 0.8860557675361633, 0.9623743295669556, 0.9250199198722839, 1.0, 0.8463238477706909, 0.8888740539550781, 0.8865243196487427, 0.8647688031196594, 0.8786630630493164, 0.876625657081604, 0.9222081899642944, 0.9160662889480591, 0.8763151168823242, 0.9110880494117737, 0.9215511679649353, 0.9050204157829285, 0.8991949558258057, 0.9433892965316772, 0.8649139404296875, 0.9330114126205444, 0.8861665725708008, 0.8540039658546448, 0.9174970388412476, 0.8912203907966614, 0.8905054330825806, 0.8650335669517517, 0.8518701791763306, 0.8978369235992432, 0.8933646082878113, 0.9248998165130615, 1.0, 0.8444003462791443, 0.9147621393203735, 0.8910351991653442, 0.8818687796592712, 0.955909013748169, 0.8583872318267822, 0.9119358658790588, 0.8961458206176758, 0.8590055704116821, 0.9139474630355835, 0.9242678880691528, 0.9239165782928467, 0.9687442779541016, 0.8611339330673218, 0.907015323638916, 0.9474989175796509, 0.8900331258773804, 0.923600435256958, 0.9051123857498169, 0.9024039506912231, 0.8514790534973145, 0.9114025831222534, 0.9851364493370056, 0.9062403440475464, 0.9090535044670105, 0.8390859365463257, 0.8547212481498718, 0.874359667301178, 0.8109790086746216, 0.8457689881324768, 0.8908233642578125, 0.9011212587356567, 0.8775858879089355], "recall": [0.8985546827316284, 0.8912639617919922, 0.8969482183456421, 0.9086748957633972, 0.8821244239807129, 0.9190083742141724, 0.9259079694747925, 0.8896492719650269, 0.9999997615814209, 0.8488886952400208, 1.0, 0.8745835423469543, 0.9251247048377991, 0.8939684629440308, 0.939572811126709, 0.8967370390892029, 0.9271256923675537, 0.949902355670929, 0.8834802508354187, 0.9638788104057312, 0.8870744705200195, 0.9294474124908447, 0.897169828414917, 0.8815596103668213, 0.937282919883728, 0.889496922492981, 0.9155377149581909, 0.8897209167480469, 0.9180026650428772, 0.8912441730499268, 0.9506492018699646, 0.9585307240486145, 0.9110782146453857, 0.9442934393882751, 0.91724693775177, 0.9483997821807861, 0.916645884513855, 0.9427369832992554, 0.9602401256561279, 0.9037908911705017, 0.8844500184059143, 0.9280128479003906, 0.954331636428833, 0.9274376034736633, 0.8934008479118347, 0.9244093894958496, 0.9716703295707703, 0.8895696997642517, 0.9490236639976501, 0.9541045427322388, 0.9540243148803711, 0.8894324898719788, 0.8924344778060913, 0.9029832482337952, 0.8917359113693237, 0.8928449153900146, 0.9573202729225159, 0.9310412406921387, 0.8645563721656799, 0.9607216119766235, 0.8834802508354187, 1.0, 0.8877496123313904, 0.8945038318634033, 0.9612319469451904, 0.9236491918563843, 0.9382777810096741, 0.8966497778892517, 0.8996537327766418, 0.9448220133781433, 0.9027160406112671, 0.9105035662651062, 0.9198132753372192, 0.9023473262786865, 0.8933062553405762, 0.8765554428100586, 0.884559690952301, 0.9384906888008118, 0.9097245931625366, 0.8756942749023438, 0.9069358110427856, 0.9415847063064575, 0.9506618976593018, 0.8692009449005127, 0.8849647045135498, 0.9050913453102112, 0.9172310829162598, 0.9482172727584839, 1.0, 0.924871563911438, 0.9492762088775635, 0.9643583297729492, 0.947269856929779, 0.8949224352836609, 0.9065262079238892, 0.9487813711166382, 0.9252254962921143, 0.8821176886558533, 0.9797719120979309, 0.958984375, 0.9016394019126892, 0.976242184638977, 0.9097048044204712, 0.9175624847412109, 0.9492692947387695, 0.8944153785705566, 0.86812824010849, 0.9053994417190552, 0.9247553944587708, 0.9057607650756836, 0.9103999137878418, 0.9830188751220703, 0.8726365566253662, 0.8987613916397095, 0.8791594505310059, 0.8947218656539917, 0.877486526966095, 0.8628537654876709, 0.8885214328765869, 0.9202444553375244, 0.9313223361968994, 0.8783416748046875], "f1": [0.8678229451179504, 0.8833098411560059, 0.8854917287826538, 0.8780637979507446, 0.8689199090003967, 0.9063043594360352, 0.896804690361023, 0.8593330383300781, 0.9999997615814209, 0.8567115664482117, 1.0, 0.845145046710968, 0.8924505114555359, 0.8686270713806152, 0.9090089201927185, 0.8820319175720215, 0.926125168800354, 0.9559516906738281, 0.9037730097770691, 0.9283359050750732, 0.8866815567016602, 0.9207298159599304, 0.8771649599075317, 0.8804148435592651, 0.9064809083938599, 0.8952506184577942, 0.9166625142097473, 0.8628190755844116, 0.8946536779403687, 0.8582806587219238, 0.9139274954795837, 0.9457825422286987, 0.8955405950546265, 0.9339892268180847, 0.8843422532081604, 0.9211217164993286, 0.915971577167511, 0.9215214848518372, 0.9384781718254089, 0.8916566967964172, 0.8802499175071716, 0.9022315144538879, 0.9479132890701294, 0.9335763454437256, 0.891798198223114, 0.9250952005386353, 0.9555718898773193, 0.8566584587097168, 0.9158509969711304, 0.9223088026046753, 0.9384101629257202, 0.8960364460945129, 0.8765283823013306, 0.8755594491958618, 0.867877721786499, 0.8859516382217407, 0.9165661931037903, 0.9030411243438721, 0.8751740455627441, 0.9586074948310852, 0.9037730097770691, 1.0, 0.8585894703865051, 0.8911173343658447, 0.9223678708076477, 0.886150062084198, 0.907492458820343, 0.8847025632858276, 0.8973367214202881, 0.9065439701080322, 0.8876452445983887, 0.9107956886291504, 0.9186406135559082, 0.9010345339775085, 0.8957074284553528, 0.9087452292442322, 0.8746265172958374, 0.9318678975105286, 0.893339216709137, 0.8647131323814392, 0.90345698595047, 0.9157105088233948, 0.9142863750457764, 0.8671122193336487, 0.8666641712188721, 0.8994594812393188, 0.90183025598526, 0.9188359975814819, 1.0, 0.8828059434890747, 0.9316996335983276, 0.9246786236763, 0.9134001135826111, 0.924410879611969, 0.8818001747131348, 0.9299938082695007, 0.9104534983634949, 0.8680664896965027, 0.9457156658172607, 0.9372133612632751, 0.9093726277351379, 0.9724787473678589, 0.8837893605232239, 0.9122584462165833, 0.9483832716941833, 0.8922188878059387, 0.8945319056510925, 0.9044584631919861, 0.9134429693222046, 0.8740854859352112, 0.9109009504318237, 0.9840764999389648, 0.8891210556030273, 0.9038782119750977, 0.8586553931236267, 0.8720031380653381, 0.8759203553199768, 0.8361124992370605, 0.8648796677589417, 0.8983489274978638, 0.915972888469696, 0.8707423210144043], "hashcode": "roberta-large_L17_no-idf_version=0.3.12(hug_trans=4.34.0)"}}