{"travel": {"bleu": [0.10321428571427342, 0.06623051755579416, 0.0438258814019581, 0.02984426252186343], "meteor": 0.10039590941658603, "rouge": 0.3068859729158861, "cider": 0.5242204977639554, "clipscore": 0.6499665912828947, "clipscore_std": 0.10840197323986271, "ref_clipscore": 0.7231616639254386, "ref_clipscore_std": 0.07008685305515971}, "shopping": {"bleu": [0.06993171650576328, 0.040145534757157195, 0.023936534634434122, 0.015252991102770652], "meteor": 0.08178166733418732, "rouge": 0.2174537527238058, "cider": 0.30154793098663407, "clipscore": 0.6481651893028846, "clipscore_std": 0.11628948980766458, "ref_clipscore": 0.7130502554086539, "ref_clipscore_std": 0.06381325688584305}, "social_media": {"bleu": [0.06948116325181183, 0.04379736873663105, 0.02949820166610883, 0.020590747501746446], "meteor": 0.08286563790036289, "rouge": 0.21789204454476307, "cider": 0.3158577873421464, "clipscore": 0.619878241356383, "clipscore_std": 0.1255900729152818, "ref_clipscore": 0.6958838929521277, "ref_clipscore_std": 0.07649035807293532}, "health": {"bleu": [0.06716253037778429, 0.04020946834169212, 0.025109144500010585, 0.015788436378910548], "meteor": 0.08418421896650741, "rouge": 0.2490936878756707, "cider": 0.3648477191597973, "clipscore": 0.6954068270596591, "clipscore_std": 0.1248141252318057, "ref_clipscore": 0.7424871271306818, "ref_clipscore_std": 0.07677812210338052}, "news": {"bleu": [0.07490203063768482, 0.0457127783133297, 0.028559916234966527, 0.018610386413032177], "meteor": 0.08391634855557646, "rouge": 0.2431975353248945, "cider": 0.4262065840905669, "clipscore": 0.6435875525841346, "clipscore_std": 0.12148736849415973, "ref_clipscore": 0.7149094801682693, "ref_clipscore_std": 0.06741621561682835}, "science_journals": {"bleu": [0.07225987035945254, 0.045999169515258315, 0.03084002680076658, 0.020539116023028423], "meteor": 0.0933666353421542, "rouge": 0.24531262473366064, "cider": 0.3672448286681987, "clipscore": 0.6796374198717948, "clipscore_std": 0.11740836406643054, "ref_clipscore": 0.7249724559294872, "ref_clipscore_std": 0.07118537250230524}}