{"travel": {"bleu": [0.42593413946160885, 0.2774774259130914, 0.179931534316468, 0.12171993486022156], "meteor": 0.1201884049802703, "rouge": 0.32255506800091394, "cider": 0.4918718205790889, "clipscore": 0.5829692639802632, "clipscore_std": 0.09972055765236672, "ref_clipscore": 0.7017715186403509, "ref_clipscore_std": 0.06448764183293677}, "shopping": {"bleu": [0.3015020409236523, 0.17776602184106666, 0.10851685173402349, 0.06771197748432202], "meteor": 0.0884559101232741, "rouge": 0.24985681951882635, "cider": 0.36281958062524766, "clipscore": 0.6034592848557693, "clipscore_std": 0.12600559921678178, "ref_clipscore": 0.7073786808894231, "ref_clipscore_std": 0.08241908779227945}, "social_media": {"bleu": [0.2918781725886473, 0.1734914238577352, 0.10772320777231234, 0.06819770707918314], "meteor": 0.09268869649658536, "rouge": 0.26334461651034546, "cider": 0.3244024050223452, "clipscore": 0.5866439494680851, "clipscore_std": 0.10137631739127309, "ref_clipscore": 0.6952189993351063, "ref_clipscore_std": 0.06699047604780455}, "health": {"bleu": [0.3984116479150242, 0.264816539648459, 0.16931169848418545, 0.10001837405674875], "meteor": 0.11084372062304555, "rouge": 0.3224139699564352, "cider": 0.4828621048318925, "clipscore": 0.6147682883522727, "clipscore_std": 0.10932828250011396, "ref_clipscore": 0.7170299183238636, "ref_clipscore_std": 0.07730108428639287}, "news": {"bleu": [0.3265856950065273, 0.20609824931133194, 0.13325254630342326, 0.08404204790031954], "meteor": 0.09333477363715979, "rouge": 0.2643149430632522, "cider": 0.45930730408064996, "clipscore": 0.6066565880408654, "clipscore_std": 0.09943002090300623, "ref_clipscore": 0.706787109375, "ref_clipscore_std": 0.06543722010807601}, "science_journals": {"bleu": [0.32802937576479313, 0.2206582756001637, 0.1499822266954348, 0.09821519729950505], "meteor": 0.10871978510378126, "rouge": 0.2902274397692649, "cider": 0.5640150141610933, "clipscore": 0.6474045973557693, "clipscore_std": 0.11531320118458604, "ref_clipscore": 0.7210912459935898, "ref_clipscore_std": 0.06852481299956395}}