{"travel": {"bleu": [0.01585762580816955, 0.008827722083322748, 0.004074121999357771, 4.199541116441496e-07], "meteor": 0.00891806507976541, "rouge": 0.01891776345797849, "cider": 0.007199451893416688, "clipscore": 0.5538094503837719, "clipscore_std": 0.055438624273365635, "ref_clipscore": 0.6811437774122807, "ref_clipscore_std": 0.03310035776785027}, "shopping": {"bleu": [0.006099200727807473, 0.0027309533814537297, 0.0015745598074670638, 1.8206128383637444e-07], "meteor": 0.005204427624139134, "rouge": 0.01424855017007548, "cider": 0.010653321678057895, "clipscore": 0.5203951322115384, "clipscore_std": 0.02772021615350299, "ref_clipscore": 0.6549729567307693, "ref_clipscore_std": 0.027614909668821495}, "social_media": {"bleu": [0.008877078837130157, 0.004229823763392804, 0.0017637760880287558, 2.0508926106028713e-07], "meteor": 0.006807955084954495, "rouge": 0.019775379361174853, "cider": 0.02309658982098714, "clipscore": 0.5323356466090425, "clipscore_std": 0.03848679349389655, "ref_clipscore": 0.6628885472074468, "ref_clipscore_std": 0.03478252040647534}, "health": {"bleu": [0.007434401116307212, 0.0017885175633749607, 1.1257049473428461e-08, 2.8454698467561115e-11], "meteor": 0.004459369413407881, "rouge": 0.008277991084234517, "cider": 0.0062094812562661, "clipscore": 0.5350341796875, "clipscore_std": 0.059540208011930974, "ref_clipscore": 0.6643177379261364, "ref_clipscore_std": 0.043878244551804266}, "news": {"bleu": [0.013520055795426292, 0.00651066191828397, 0.0034196639319547997, 0.002108477675359884], "meteor": 0.004598285811210214, "rouge": 0.015383581065009531, "cider": 0.01128292867323737, "clipscore": 0.5420156625600961, "clipscore_std": 0.055250544567578386, "ref_clipscore": 0.6649639423076923, "ref_clipscore_std": 0.04297924683040483}, "science_journals": {"bleu": [1.2749347511554397e-06, 5.585964579983643e-07, 3.28399040557435e-07, 4.90293001362627e-11], "meteor": 0.0035076770305681433, "rouge": 0.014033547989566577, "cider": 0.008870867468214139, "clipscore": 0.5637081830929487, "clipscore_std": 0.06137233958169863, "ref_clipscore": 0.6796123798076923, "ref_clipscore_std": 0.03593015367514545}}