{"social_media": {"bleu": [0.3773584905648511, 0.24436993164024814, 0.16295667303861983, 0.11116797488614545], "meteor": 0.20072279206430016, "rouge": 0.3900540456188625, "cider": 0.715524398207598, "spice": 0.2158541461695767}, "news": {"bleu": [0.41281138789888683, 0.2710958068316816, 0.18418573038860464, 0.1250462446943163], "meteor": 0.21964990362114112, "rouge": 0.38516680385965235, "cider": 0.39895729718468403, "spice": 0.18046683481302297}, "shopping": {"bleu": [0.47904191616623043, 0.31935805806017364, 0.22973273369798153, 0.17219884643376096], "meteor": 0.2213118840049625, "rouge": 0.45890444367789684, "cider": 1.1235336636712876, "spice": 0.2269243718167118}, "science_journals": {"bleu": [0.4949152542356105, 0.3612853443162411, 0.2630459809741189, 0.17928779272725917], "meteor": 0.2501139648537532, "rouge": 0.5061949032086009, "cider": 1.6427183570997348, "spice": 0.31745284935041906}, "travel": {"bleu": [0.4222972972958706, 0.2705140865302483, 0.1868512324571598, 0.12853532495378006], "meteor": 0.22468355381843555, "rouge": 0.37062181177612724, "cider": 0.4935219069210556, "spice": 0.24806600755354216}, "health": {"bleu": [0.443579766535239, 0.30830635269856943, 0.21531926536675391, 0.15960280002407218], "meteor": 0.20241872934149205, "rouge": 0.39253184268717345, "cider": 0.8973912444950889, "spice": 0.18337760918011856}}