{"bleu": [0.438517686692623, 0.2957905950622635, 0.20708079217163405, 0.14630072163897803], "meteor": 0.21976233363269734, "rouge": 0.42122036538747265, "cider": 0.9165096006337047, "spice": 0.23138073433305212, "bertscore_avg_precision": 0.9000295346877614, "bertscore_avg_recall": 0.9167348898825098, "bertscore_avg_f1": 0.9058262823057956, "full_bertscore": {"precision": [0.8957593441009521, 0.875496506690979, 0.874939501285553, 0.8494479656219482, 0.8648490905761719, 0.8835363388061523, 0.8804696798324585, 0.869989275932312, 0.9999997615814209, 0.871555745601654, 1.0, 0.8580341935157776, 0.8815903663635254, 0.8940200805664062, 0.9128811359405518, 0.8746699094772339, 0.9251267910003662, 0.9620785117149353, 0.9250199198722839, 0.8953210115432739, 0.857848048210144, 0.9006951451301575, 0.8889807462692261, 0.8843290209770203, 0.8935055732727051, 0.9010791778564453, 0.9177899956703186, 0.8827201128005981, 0.9056980609893799, 0.8472886085510254, 0.9016674757003784, 0.9357658624649048, 0.8791690468788147, 0.9275256395339966, 0.9165909290313721, 0.9291779398918152, 0.9230242371559143, 0.8900289535522461, 0.9176807403564453, 0.8845339417457581, 0.8760895133018494, 0.8968444466590881, 0.9448648691177368, 0.9397968649864197, 0.8918819427490234, 0.9044897556304932, 0.9399980306625366, 0.8713126182556152, 0.8883509635925293, 0.902276873588562, 0.9113312363624573, 0.9027392268180847, 0.8683210611343384, 0.9063076972961426, 0.8641341328620911, 0.8872389793395996, 0.8773704171180725, 0.8772410154342651, 0.8860557675361633, 0.9623743295669556, 0.9250199198722839, 1.0, 0.8747576475143433, 0.8888740539550781, 0.8865243196487427, 0.8915775418281555, 0.8786630630493164, 0.8750013709068298, 0.9222081899642944, 0.9160662293434143, 0.876315176486969, 0.9110880494117737, 0.9215511679649353, 0.8982234597206116, 0.8991949558258057, 0.9433891773223877, 0.8570519685745239, 0.9330114126205444, 0.8733276128768921, 0.8540040254592896, 0.9174970388412476, 0.8967987895011902, 0.8840785026550293, 0.8648245930671692, 0.8518701791763306, 0.8832018971443176, 0.9076656103134155, 0.9248998165130615, 1.0, 0.8607324957847595, 0.9147620797157288, 0.891035258769989, 0.8818687796592712, 0.955909013748169, 0.856403112411499, 0.9082690477371216, 0.8961457014083862, 0.8775432109832764, 0.9293802976608276, 0.9242678880691528, 0.9239166975021362, 0.9687442779541016, 0.8913524150848389, 0.9070152640342712, 0.9474989175796509, 0.8898562788963318, 0.923600435256958, 0.9051123857498169, 0.9024039506912231, 0.8686785101890564, 0.9023435711860657, 0.9851364493370056, 0.9062403440475464, 0.9090535044670105, 0.8885512351989746, 0.8703786134719849, 0.874359667301178, 0.8120926022529602, 0.8700889348983765, 0.8718762397766113, 0.8938249349594116, 0.8595712184906006], "recall": [0.9207539558410645, 0.891264021396637, 0.8969482183456421, 0.9086748957633972, 0.8781993389129639, 0.9122269153594971, 0.921880841255188, 0.9034882187843323, 0.9999997615814209, 0.8488886952400208, 1.0, 0.8758432865142822, 0.9297432899475098, 0.91558837890625, 0.9352124333381653, 0.8996841907501221, 0.9271256923675537, 0.949902355670929, 0.8834802508354187, 0.9638786911964417, 0.8795303702354431, 0.897997260093689, 0.8883155584335327, 0.8815596103668213, 0.9296948313713074, 0.889496922492981, 0.9155377149581909, 0.8962866067886353, 0.9180026054382324, 0.8670088648796082, 0.9532968401908875, 0.9585306644439697, 0.8893327116966248, 0.9442934393882751, 0.922189474105835, 0.9579421281814575, 0.9166460037231445, 0.9477779269218445, 0.9602401256561279, 0.9029585123062134, 0.8844500184059143, 0.9108498096466064, 0.9543315768241882, 0.9274376034736633, 0.8934007883071899, 0.9177374839782715, 0.9716703295707703, 0.8622028231620789, 0.9490236043930054, 0.9530590772628784, 0.9486099481582642, 0.8894324898719788, 0.8924344778060913, 0.902448832988739, 0.893502950668335, 0.892845094203949, 0.9563718438148499, 0.9244399070739746, 0.8645563721656799, 0.9607216119766235, 0.8834802508354187, 1.0, 0.8977349400520325, 0.8945038318634033, 0.9612320065498352, 0.9364060759544373, 0.9382778406143188, 0.8980444669723511, 0.8996537327766418, 0.9448220133781433, 0.9027160406112671, 0.9105035662651062, 0.9198132753372192, 0.8994088768959045, 0.893306314945221, 0.8765553832054138, 0.8685724139213562, 0.9384906888008118, 0.8995693922042847, 0.8756942749023438, 0.9069359302520752, 0.9524639844894409, 0.949966549873352, 0.8696014881134033, 0.8849647045135498, 0.8910702466964722, 0.9192042946815491, 0.9482172727584839, 1.0, 0.9295822381973267, 0.9492762684822083, 0.9643583297729492, 0.9472697973251343, 0.8949224352836609, 0.9075978994369507, 0.9504095315933228, 0.9252254366874695, 0.8699736595153809, 0.9799408912658691, 0.958984375, 0.9016399383544922, 0.976242184638977, 0.9108749628067017, 0.9175624847412109, 0.9492692947387695, 0.8886297941207886, 0.86812824010849, 0.9053994417190552, 0.9247554540634155, 0.9090460538864136, 0.9054579734802246, 0.9830188751220703, 0.872636616230011, 0.8987613916397095, 0.8997119665145874, 0.9005503058433533, 0.877486526966095, 0.8604966402053833, 0.9095918536186218, 0.9217230677604675, 0.9209994673728943, 0.8719750642776489], "f1": [0.9039837718009949, 0.8833098411560059, 0.8854917287826538, 0.8780637979507446, 0.8701719641685486, 0.8976524472236633, 0.8931813836097717, 0.8759585618972778, 0.9999997615814209, 0.8567113876342773, 1.0, 0.863194465637207, 0.9042973518371582, 0.9046757221221924, 0.9227051138877869, 0.8870007395744324, 0.926125168800354, 0.9559516906738281, 0.9037730097770691, 0.9283357858657837, 0.8685539364814758, 0.8993442058563232, 0.888416051864624, 0.8804148435592651, 0.9112409949302673, 0.8952506184577942, 0.9166624546051025, 0.8839601874351501, 0.8946536779403687, 0.8496279716491699, 0.9245321750640869, 0.945782482624054, 0.8842217326164246, 0.9339892268180847, 0.9089176654815674, 0.9433408379554749, 0.9159716963768005, 0.9113072156906128, 0.9384781718254089, 0.8854868412017822, 0.8802499175071716, 0.9024512767791748, 0.9479132890701294, 0.9335763454437256, 0.8917980790138245, 0.9110654592514038, 0.9555718898773193, 0.866733729839325, 0.9158509969711304, 0.9269730448722839, 0.929597020149231, 0.8960364460945129, 0.8765283823013306, 0.8848738074302673, 0.8779997229576111, 0.8859516382217407, 0.9116215109825134, 0.9002222418785095, 0.8751740455627441, 0.9586074948310852, 0.9037730097770691, 1.0, 0.8855233788490295, 0.8911173343658447, 0.9223678708076477, 0.9114555716514587, 0.907492458820343, 0.8841402530670166, 0.8973367214202881, 0.9065439701080322, 0.8876453042030334, 0.9107956886291504, 0.9186406135559082, 0.8956179618835449, 0.8957075476646423, 0.9087450504302979, 0.8627737760543823, 0.9318678975105286, 0.8845862150192261, 0.8647131323814392, 0.90345698595047, 0.923793613910675, 0.9072762131690979, 0.8661682605743408, 0.8666641712188721, 0.8821907639503479, 0.9116148948669434, 0.9188359975814819, 1.0, 0.8929129838943481, 0.9316996335983276, 0.9246786236763, 0.9134001135826111, 0.924410879611969, 0.8812575936317444, 0.9287974834442139, 0.9104534387588501, 0.8695451617240906, 0.9539911150932312, 0.9372133612632751, 0.9093726873397827, 0.9724787473678589, 0.901007890701294, 0.9122583866119385, 0.9483832716941833, 0.8892426490783691, 0.8945319652557373, 0.9044584631919861, 0.9134430289268494, 0.8884040117263794, 0.9038981199264526, 0.9840764999389648, 0.8891210556030273, 0.9038782119750977, 0.8939254879951477, 0.88520747423172, 0.8759203553199768, 0.8355941772460938, 0.8849256634712219, 0.885525643825531, 0.9062514305114746, 0.860163152217865], "hashcode": "roberta-large_L17_no-idf_version=0.3.12(hug_trans=4.34.0)"}}