{"social_media": {"bleu": [0.1576763485473907, 0.0817386151682364, 0.035138073214807816, 0.01760146631576667], "meteor": 0.14994263537684482, "rouge": 0.2419889252030935, "cider": 0.17057069837643002, "spice": 0.13701776995946008}, "news": {"bleu": [0.17429193899744164, 0.10574709174974001, 0.05603056018821615, 0.033130692180896884], "meteor": 0.1612271533384673, "rouge": 0.18603827485220265, "cider": 1.9024279180780773e-07, "spice": 0.16439835554818133}, "shopping": {"bleu": [0.24646464646414856, 0.16006256782871064, 0.11110516003673272, 0.07596688046731824], "meteor": 0.21589863245260335, "rouge": 0.38773419425634514, "cider": 0.4904089569329805, "spice": 0.23411751903896585}, "science_journals": {"bleu": [0.2660550458709494, 0.18912121508894186, 0.12407053490595153, 0.08096496276449214], "meteor": 0.22779840047743852, "rouge": 0.37232489979042177, "cider": 0.6087545956699273, "spice": 0.28411785082417357}, "travel": {"bleu": [0.2052238805962492, 0.131524007876484, 0.09349445753345016, 0.06675026187608855], "meteor": 0.2027078081136693, "rouge": 0.2614573327330918, "cider": 0.09455089932678462, "spice": 0.21935541619024518}, "health": {"bleu": [0.25058548009308995, 0.17569640237777917, 0.12270554882241783, 0.09035916920427718], "meteor": 0.2028196253978225, "rouge": 0.36743787944141904, "cider": 0.5665548132785365, "spice": 0.2074947961545216}}