{"bleu": [0.216595247370387, 0.14074242846152943, 0.091044786805265, 0.06112959507478327], "meteor": 0.19342706995770903, "rouge": 0.3210353723006402, "cider": 0.3916510625678685, "spice": 0.2133483480667932, "bertscore_avg_precision": 0.8746654571048798, "bertscore_avg_recall": 0.9120527278809321, "bertscore_avg_f1": 0.890996239488087, "full_bertscore": {"precision": [0.8350081443786621, 0.8582620620727539, 0.8075177669525146, 0.8333146572113037, 0.8646923899650574, 0.9188854098320007, 0.8370485305786133, 0.8295804262161255, 0.9999999403953552, 0.865583062171936, 0.9429256916046143, 0.8634172677993774, 0.8623092174530029, 0.8493386507034302, 0.8536806106567383, 0.858914852142334, 0.8593353033065796, 0.9620788097381592, 0.9221186637878418, 0.8729892373085022, 0.8416516780853271, 0.898463785648346, 0.8542468547821045, 0.8875491619110107, 0.8547102212905884, 0.8641248941421509, 0.9177899956703186, 0.8520492315292358, 0.8992452621459961, 0.8613000512123108, 0.8650661706924438, 0.9027227163314819, 0.863982081413269, 0.8907588720321655, 0.8656020164489746, 0.8841789960861206, 0.8715447783470154, 0.8913840055465698, 0.8884040117263794, 0.8858495950698853, 0.8648936748504639, 0.866571307182312, 0.8949191570281982, 0.9155537486076355, 0.8918819427490234, 0.8963851928710938, 0.8747744560241699, 0.8462940454483032, 0.8336536884307861, 0.8611319065093994, 0.8513520956039429, 0.9027391672134399, 0.8570085763931274, 0.8623982667922974, 0.8540716767311096, 0.9004484415054321, 0.8534178733825684, 0.8267752528190613, 0.8317844867706299, 0.8368853330612183, 0.9221186637878418, 0.9631953835487366, 0.8580443859100342], "recall": [0.8989180326461792, 0.8937594890594482, 0.8747233152389526, 0.8863803148269653, 0.874040961265564, 0.9355864524841309, 0.9326887130737305, 0.8763942718505859, 0.9999999403953552, 0.8453219532966614, 0.983096718788147, 0.8843309879302979, 0.9213120937347412, 0.8853416442871094, 0.9191187620162964, 0.9018658399581909, 0.9165813326835632, 0.9499021768569946, 0.8918399214744568, 0.9453207850456238, 0.8728722333908081, 0.938271701335907, 0.9310473799705505, 0.872530460357666, 0.9256198406219482, 0.8910300135612488, 0.9155376553535461, 0.8915122151374817, 0.9057762026786804, 0.9324231147766113, 0.9307581186294556, 0.9541565179824829, 0.9063321352005005, 0.8997084498405457, 0.9113768339157104, 0.9284970760345459, 0.9058341383934021, 0.943270206451416, 0.9425607323646545, 0.9064386487007141, 0.9179837107658386, 0.9201033711433411, 0.9526782035827637, 0.936599612236023, 0.8934007883071899, 0.9196209907531738, 0.9432153701782227, 0.8934340476989746, 0.9349398016929626, 0.9465805292129517, 0.909968376159668, 0.8894324898719788, 0.872962474822998, 0.8823641538619995, 0.8953344821929932, 0.8882344961166382, 0.9278357028961182, 0.8926876783370972, 0.8485938310623169, 0.9265963435173035, 0.8918399214744568, 0.9631953835487366, 0.8896427154541016], "f1": [0.8657852411270142, 0.8756511807441711, 0.8397781252861023, 0.8590287566184998, 0.8693416118621826, 0.9271606802940369, 0.8822842836380005, 0.8468303084373474, 0.9999999403953552, 0.8515699505805969, 0.9625923037528992, 0.8717507123947144, 0.8908346891403198, 0.8649009466171265, 0.8851919770240784, 0.8798664808273315, 0.8870357275009155, 0.9559517502784729, 0.9067265391349792, 0.9076760411262512, 0.8569777011871338, 0.917936384677887, 0.8909951448440552, 0.8799757361412048, 0.8887528777122498, 0.8771349787712097, 0.9166624546051025, 0.8629162311553955, 0.8921062350273132, 0.895451545715332, 0.8967106342315674, 0.927727222442627, 0.8846505284309387, 0.8858198523521423, 0.8806861042976379, 0.9055229425430298, 0.8818122744560242, 0.9112702012062073, 0.9146814346313477, 0.8869527578353882, 0.8906481862068176, 0.8913083672523499, 0.9228959083557129, 0.9259571433067322, 0.8917980790138245, 0.907854437828064, 0.907706618309021, 0.8692253828048706, 0.8813964128494263, 0.9018366932868958, 0.8796848654747009, 0.8960363864898682, 0.8624098300933838, 0.8610358834266663, 0.8742164969444275, 0.8921382427215576, 0.8743699789047241, 0.8584681749343872, 0.8361367583274841, 0.8794589638710022, 0.9067265391349792, 0.9631953835487366, 0.8735578656196594], "hashcode": "roberta-large_L17_no-idf_version=0.3.12(hug_trans=4.34.0)"}}