{"social_media": {"bleu": [0.15822784810093202, 0.08462372102268385, 0.03617011414080123, 0.018068273959406796], "meteor": 0.15285804393652264, "rouge": 0.24479768493308227, "cider": 0.1705716273891204, "spice": 0.1372854069897585}, "news": {"bleu": [0.1700223713642729, 0.10023360958123878, 0.05456057786927558, 0.03270296540756615], "meteor": 0.15069422186744774, "rouge": 0.18441265856925132, "cider": 1.9037851731752365e-07, "spice": 0.14902449111771313}, "shopping": {"bleu": [0.24646464646414856, 0.16006256782871064, 0.11110516003673272, 0.07596688046731824], "meteor": 0.21589863245260335, "rouge": 0.38773419425634514, "cider": 0.4904089569329804, "spice": 0.23411751903896585}, "science_journals": {"bleu": [0.2660550458709494, 0.18912121508894186, 0.12407053490595153, 0.08096496276449214], "meteor": 0.22779840047743852, "rouge": 0.37232489979042177, "cider": 0.6087545956699273, "spice": 0.28411785082417357}, "travel": {"bleu": [0.2052238805962492, 0.131524007876484, 0.09349445753345016, 0.06675026187608855], "meteor": 0.2027078081136693, "rouge": 0.2614573327330918, "cider": 0.09455089932678462, "spice": 0.21935541619024518}, "health": {"bleu": [0.260975609755461, 0.1812966207755545, 0.12533104959779592, 0.09113524558433839], "meteor": 0.20714843453514709, "rouge": 0.3701165057371293, "cider": 0.5665548132785367, "spice": 0.20257272888626893}}