{"bleu": [0.21778656126473606, 0.14124893554998927, 0.09139895783673004, 0.06119595171755683], "meteor": 0.19318495197233063, "rouge": 0.3218533155572032, "cider": 0.3916512193102909, "spice": 0.2106669583017523, "bertscore_avg_precision": 0.8751224761917478, "bertscore_avg_recall": 0.9125324790439908, "bertscore_avg_f1": 0.8914409308206468, "full_bertscore": {"precision": [0.8405341506004333, 0.8582621216773987, 0.8075177669525146, 0.8333144187927246, 0.8646923899650574, 0.9188854694366455, 0.8370485901832581, 0.8295804262161255, 1.0, 0.8655831217765808, 0.942925751209259, 0.8634173274040222, 0.8623092174530029, 0.8493386507034302, 0.8605943918228149, 0.8589147329330444, 0.8593352437019348, 0.9620787501335144, 0.922118604183197, 0.8729892373085022, 0.8416517972946167, 0.8984638452529907, 0.8542468547821045, 0.8875491619110107, 0.8544836044311523, 0.8641248941421509, 0.9177899360656738, 0.8520492315292358, 0.8992452621459961, 0.8613001108169556, 0.8650661110877991, 0.9027227759361267, 0.863982081413269, 0.8907588720321655, 0.8656020164489746, 0.8841789364814758, 0.8715447783470154, 0.8913840055465698, 0.8884040117263794, 0.8858495950698853, 0.8648936748504639, 0.866571307182312, 0.8949191570281982, 0.9155536890029907, 0.891882061958313, 0.8963851928710938, 0.8747743368148804, 0.8462940454483032, 0.8336536884307861, 0.8611318469047546, 0.8513520956039429, 0.9027392864227295, 0.8570085763931274, 0.8623982667922974, 0.8540716767311096, 0.9004483222961426, 0.8534178733825684, 0.8267751932144165, 0.8431822061538696, 0.8368853330612183, 0.922118604183197, 0.9631953835487366, 0.8632259368896484], "recall": [0.9039261937141418, 0.8937594294548035, 0.8747232556343079, 0.8863812685012817, 0.8740409016609192, 0.9355863928794861, 0.9326885938644409, 0.8763942718505859, 1.0, 0.8453219532966614, 0.9830967783927917, 0.8843309879302979, 0.9213120341300964, 0.8853415846824646, 0.9332159757614136, 0.9018658399581909, 0.916581392288208, 0.9499022960662842, 0.8918399810791016, 0.9453209042549133, 0.8728722333908081, 0.938271701335907, 0.9310474395751953, 0.8725305199623108, 0.9296005964279175, 0.8910300135612488, 0.9155375957489014, 0.8915122151374817, 0.9057761430740356, 0.9324230551719666, 0.9307581782341003, 0.9541565179824829, 0.9063321948051453, 0.8997084498405457, 0.9113768339157104, 0.9284970760345459, 0.9058340787887573, 0.9432699680328369, 0.9425606727600098, 0.9064385890960693, 0.9179837107658386, 0.9201034903526306, 0.9526783227920532, 0.936599612236023, 0.8934009075164795, 0.9196209907531738, 0.9432152509689331, 0.8934340476989746, 0.9349397420883179, 0.9465805292129517, 0.909968376159668, 0.8894325494766235, 0.872962474822998, 0.8823641538619995, 0.8953344821929932, 0.8882344961166382, 0.9278355836868286, 0.8926876783370972, 0.8602772951126099, 0.9265964031219482, 0.8918399810791016, 0.9631953835487366, 0.8850966095924377], "f1": [0.871078372001648, 0.8756511807441711, 0.8397781252861023, 0.8590290546417236, 0.8693415522575378, 0.9271606802940369, 0.8822842836380005, 0.8468303084373474, 1.0, 0.8515701293945312, 0.962592363357544, 0.8717507123947144, 0.8908346891403198, 0.8649009466171265, 0.8954351544380188, 0.8798664212226868, 0.8870357275009155, 0.9559517502784729, 0.9067265391349792, 0.9076760411262512, 0.8569777607917786, 0.9179364442825317, 0.8909952044487, 0.8799757361412048, 0.890460729598999, 0.8771349787712097, 0.916662335395813, 0.8629162311553955, 0.8921062350273132, 0.895451545715332, 0.8967106342315674, 0.9277273416519165, 0.8846505880355835, 0.8858198523521423, 0.8806861042976379, 0.9055230617523193, 0.8818122744560242, 0.9112702012062073, 0.9146814346313477, 0.8869527578353882, 0.8906481862068176, 0.8913083672523499, 0.9228959083557129, 0.9259570837020874, 0.891798198223114, 0.907854437828064, 0.9077064990997314, 0.8692253828048706, 0.8813964128494263, 0.9018366932868958, 0.8796848654747009, 0.8960365056991577, 0.8624098300933838, 0.8610358834266663, 0.8742164969444275, 0.8921381235122681, 0.8743699789047241, 0.8584681153297424, 0.8464407920837402, 0.879459023475647, 0.9067265391349792, 0.9631953835487366, 0.8740244507789612], "hashcode": "roberta-large_L17_no-idf_version=0.3.12(hug_trans=4.34.0)"}}