{"bleu": [0.4014522821575722, 0.2699831907875373, 0.18591972860791056, 0.13203486166283857], "meteor": 0.21494350081102545, "rouge": 0.3971423511581774, "cider": 0.5769838401807434, "spice": 0.23727722824219039, "bertscore_avg_precision": 0.8910673541181228, "bertscore_avg_recall": 0.9130780893753018, "bertscore_avg_f1": 0.8991438697905562, "full_bertscore": {"precision": [0.8864843249320984, 0.8625125885009766, 0.825815737247467, 0.8216207027435303, 0.8752134442329407, 0.9188854098320007, 0.8786038160324097, 0.8519200086593628, 1.0, 0.8730390071868896, 1.0, 0.857953667640686, 0.9165414571762085, 0.8923884630203247, 0.9006316065788269, 0.8836002349853516, 0.9251266717910767, 0.9620787501335144, 0.8946813344955444, 0.98763108253479, 0.8725911378860474, 0.9015197157859802, 0.9103761911392212, 0.8875491619110107, 0.9004923105239868, 0.8695751428604126, 0.9177899360656738, 0.8688453435897827, 0.8964049220085144, 0.8726506233215332, 0.8744351863861084, 0.9111996293067932, 0.8807076215744019, 0.901823103427887, 0.8835908770561218, 0.8712006211280823, 0.8780232071876526, 0.9046079516410828, 0.8788643479347229, 0.8858495950698853, 0.8692904114723206, 0.9122933149337769, 0.9200704097747803, 0.8834360241889954, 0.8918819427490234, 0.9131220579147339, 0.9399979114532471, 0.8446025848388672, 0.869959831237793, 0.9151436686515808, 0.9220980405807495, 0.9027392268180847, 0.8590853810310364, 0.8971334099769592, 0.8821185231208801, 0.9006680250167847, 0.8891603946685791, 0.8747127056121826, 0.8231896162033081, 0.8593558073043823, 0.8946813344955444, 0.9631953239440918, 0.8767667412757874, 0.8791332840919495, 0.8700376152992249, 0.8756957650184631, 0.8970626592636108, 0.8729492425918579, 0.9222082495689392, 0.904577374458313, 0.8521699905395508, 0.9036744832992554, 0.8387636542320251, 0.8811442255973816, 0.9561306238174438, 0.9577115774154663, 0.8596006631851196, 0.9199107885360718, 0.8885059356689453, 0.8540040254592896, 0.9147254228591919, 0.8789974451065063, 0.8905054330825806, 0.8545333743095398, 0.9371498823165894, 0.8764330148696899, 0.896321713924408, 0.8669387102127075, 1.0, 0.8926663398742676, 0.9147621393203735, 0.8650009632110596, 0.879016101360321, 0.905898928642273, 0.8779600858688354, 0.9024958610534668, 0.8879345655441284, 0.8736263513565063, 0.8739224672317505, 0.8781326413154602, 0.872310996055603, 0.9114282131195068, 0.9162018299102783, 0.9016714096069336, 0.8865074515342712, 0.9104989767074585, 0.9333723187446594, 0.9123055338859558, 0.8692153096199036, 0.8548979759216309, 0.8856045007705688, 0.9189634323120117, 0.9455360770225525, 0.8700309991836548, 0.8854092359542847, 0.8725719451904297, 0.8734185099601746, 0.8430845737457275, 0.8572452068328857, 0.8738200664520264, 0.8886784315109253, 0.8683828711509705, 0.833267092704773, 0.8857688903808594, 0.8958925008773804, 0.8813667297363281, 0.9206013679504395, 0.9246679544448853, 0.8988097906112671, 0.9024958610534668, 0.8945332765579224, 0.8997925519943237, 0.8812215924263, 0.8683828711509705, 0.8646755218505859, 0.9010744094848633, 0.8785346746444702, 0.8196460604667664, 0.9700354337692261, 0.8437014222145081, 0.9207826256752014, 0.9003798961639404, 0.9023652076721191, 0.9138976335525513, 0.9571950435638428, 0.9404462575912476, 0.90376877784729, 0.9027003049850464, 0.8552087545394897, 0.8952963948249817, 0.9192959070205688, 0.971520721912384, 0.8895142674446106, 0.8777677416801453, 0.8958524465560913, 0.9269625544548035, 0.8874437212944031, 0.8690418601036072, 0.857958972454071, 0.9178296327590942, 0.8858912587165833, 0.8841913938522339, 0.8857080936431885, 0.9055246114730835, 0.921628475189209, 0.8395955562591553, 0.8896940350532532, 0.8512234091758728, 0.8800364136695862, 0.8341939449310303, 0.8778489828109741, 0.8420659899711609, 0.9044980406761169, 0.9612436890602112, 0.904700517654419, 0.8574228882789612, 0.9233733415603638, 0.8837960958480835, 0.8450160026550293, 0.8935753107070923, 0.9146910905838013, 0.8731231689453125, 0.8998599052429199, 0.8393428921699524, 0.8916925191879272, 0.9367364048957825, 0.867763340473175, 0.9272759556770325, 0.8421635627746582, 0.8417776226997375, 0.8666868209838867, 0.8753638863563538, 0.9357545971870422, 0.8965526819229126, 0.892309308052063, 0.8702572584152222, 0.8665544390678406, 0.8622333407402039, 0.8895295262336731, 0.8505678176879883, 0.8815886974334717, 0.8415530323982239, 0.9113602638244629, 0.8293952941894531, 0.8502970337867737, 0.9046784043312073, 0.8843368291854858, 0.9016290903091431, 0.8943748474121094, 0.864922285079956, 0.9113976955413818, 0.975502073764801, 0.8716639280319214, 0.8935115933418274, 0.8805307149887085, 0.9071018695831299, 0.8894179463386536, 0.8711053729057312, 0.9271515607833862, 0.9262857437133789, 0.8879349827766418],