{"bleu": [0.40554089709751834, 0.2717695111034351, 0.18585303973415407, 0.13088641568308187], "meteor": 0.21333311093212237, "rouge": 0.3977500533981073, "cider": 0.6207551607124461, "spice": 0.2345313464032592, "bertscore_avg_precision": 0.8915951036220222, "bertscore_avg_recall": 0.912723132657789, "bertscore_avg_f1": 0.8992612917498766, "full_bertscore": {"precision": [0.8878086805343628, 0.8642786741256714, 0.8397806286811829, 0.8216207027435303, 0.8591786623001099, 0.8995166420936584, 0.8849536180496216, 0.8616591095924377, 0.9999997615814209, 0.8730390071868896, 1.0, 0.843291163444519, 0.9165414571762085, 0.9000174403190613, 0.9006316065788269, 0.9134572744369507, 0.9251267910003662, 0.9620787501335144, 0.922118604183197, 0.98763108253479, 0.8773231506347656, 0.9015197157859802, 0.9103761911392212, 0.8639793992042542, 0.9051331281661987, 0.8784950971603394, 0.9177899360656738, 0.8725195527076721, 0.8836259841918945, 0.8718144297599792, 0.8632843494415283, 0.90873122215271, 0.8695047497749329, 0.901823103427887, 0.8714375495910645, 0.9229385852813721, 0.8780232667922974, 0.9046079516410828, 0.879920482635498, 0.8858495950698853, 0.8648936748504639, 0.919185996055603, 0.9200704097747803, 0.8741759061813354, 0.891882061958313, 0.9131221771240234, 0.8618260025978088, 0.844602644443512, 0.8954166173934937, 0.866686224937439, 0.9220980405807495, 0.9147878289222717, 0.8657578825950623, 0.8669183254241943, 0.8821184635162354, 0.9004483819007874, 0.8891603946685791, 0.8750418424606323, 0.8885388374328613, 0.8651545643806458, 0.922118604183197, 1.0, 0.8767667412757874, 0.8791332840919495, 0.8865242600440979, 0.8768559098243713, 0.8970626592636108, 0.8719214200973511, 0.9222081899642944, 0.9160662293434143, 0.8387050628662109, 0.9036744832992554, 0.8652481436729431, 0.8811442255973816, 0.9573918581008911, 0.9577115774154663, 0.8596006631851196, 0.9199107885360718, 0.8885059356689453, 0.8540039658546448, 0.9147254228591919, 0.8789974451065063, 0.8905054330825806, 0.884875476360321, 0.8386729955673218, 0.9110866189002991, 0.9071414470672607, 0.8793696165084839, 1.0, 0.8603112697601318, 0.9147621393203735, 0.8675309419631958, 0.879016101360321, 0.905898928642273, 0.879941999912262, 0.896977424621582, 0.8879345655441284, 0.8668420910835266, 0.9177039265632629, 0.8781326413154602, 0.8759220838546753, 0.9114282131195068, 0.9162018299102783, 0.8866527676582336, 0.886507511138916, 0.9092156291007996, 0.9334810972213745, 0.9123055338859558, 0.8728538155555725, 0.8639190196990967, 0.8856045007705688, 0.9189634323120117, 0.9455361366271973, 0.8700309991836548, 0.8854092359542847, 0.8735228180885315, 0.8734184503555298, 0.8455919027328491, 0.868727445602417, 0.8788490891456604, 0.8886784315109253, 0.8745330572128296, 0.833267092704773, 0.8857688903808594, 0.8837569952011108, 0.8781290650367737, 0.92279452085495, 0.9999997019767761, 0.8967519402503967, 0.896977424621582, 0.9052765369415283, 0.8697251677513123, 0.8812216520309448, 0.8745330572128296, 0.8590284585952759, 0.8858970999717712, 0.890762209892273, 0.8695449233055115, 0.9700354337692261, 0.8437014222145081, 0.9045292139053345, 0.9121038913726807, 0.9023652076721191, 0.9138975739479065, 0.9571950435638428, 0.9404462575912476, 0.90376877784729, 0.8823059797286987, 0.8572123050689697, 0.8952963948249817, 0.9100290536880493, 0.971520721912384, 0.8993861675262451, 0.8945600986480713, 0.8850891590118408, 0.9269625544548035, 0.8826327323913574, 0.864227831363678, 0.857958972454071, 0.9178296327590942, 0.91226726770401, 0.8841913938522339, 0.8671815395355225, 0.9240000247955322, 0.921628475189209, 0.8366958498954773, 0.8798803687095642, 0.8512234091758728, 0.8849371671676636, 0.8341939449310303, 0.8778489828109741, 0.8443379402160645, 0.9044981002807617, 0.9612436890602112, 0.8914602994918823, 0.8551703691482544, 0.9233733415603638, 0.8837960958480835, 0.8306401968002319, 0.9041383266448975, 0.8918992280960083, 0.9008849859237671, 0.8998599052429199, 0.8393428921699524, 0.888187050819397, 0.9367364048957825, 0.8567245602607727, 0.9285976886749268, 0.8362537622451782, 0.8417776226997375, 0.8686229586601257, 0.9015606641769409, 0.9893262386322021, 0.8965526819229126, 0.9017849564552307, 0.868187427520752, 0.8590854406356812, 0.849371075630188, 0.8895295262336731, 0.850722074508667, 0.8815886974334717, 0.8583875894546509, 0.9113602638244629, 0.8480385541915894, 0.8694273829460144, 0.9046784043312073, 0.8502072691917419, 0.894741952419281, 0.8943748474121094, 0.8541668653488159, 0.8752138614654541, 0.9149744510650635, 0.8716638684272766, 0.8935115933418274, 0.8850448131561279, 0.8989788889884949, 0.8894179463386536, 0.8711053729057312, 0.9256256818771362, 0.9262857437133789, 0.8638738989830017],