{"travel": {"bleu": [0.4646664034739579, 0.330249141903051, 0.23911233804947388, 0.17467825265838963], "meteor": 0.2257791667833286, "rouge": 0.4722605958746149, "cider": 1.0351921569071174, "spice": 0.272321769502131, "clipscore": 0.6590946081912878, "clipscore_std": 0.11467355658999721, "ref_clipscore": 0.7424908262310606, "ref_clipscore_std": 0.07055595021597313}, "shopping": {"bleu": [0.504796710826631, 0.36173792551780304, 0.2658467305923539, 0.2004648177776505], "meteor": 0.20754426059411538, "rouge": 0.4525627641969501, "cider": 0.9322030780252653, "spice": 0.23412673684797314, "clipscore": 0.6574965968276515, "clipscore_std": 0.11056054488599819, "ref_clipscore": 0.7516497987689394, "ref_clipscore_std": 0.07301548945904955}, "social_media": {"bleu": [0.4275334608028958, 0.29241527347343493, 0.2088241798038076, 0.15224598699655403], "meteor": 0.20213483289459055, "rouge": 0.4376804710454658, "cider": 0.9321703878309536, "spice": 0.21884062232199844, "clipscore": 0.6536791252367424, "clipscore_std": 0.11657466145114896, "ref_clipscore": 0.7389914772727273, "ref_clipscore_std": 0.06675274496320248}, "health": {"bleu": [0.474406528189735, 0.32907209947359733, 0.2354912563098139, 0.1684477502793477], "meteor": 0.211861256802811, "rouge": 0.47762342587898804, "cider": 1.0090703508833851, "spice": 0.2539270323978607, "clipscore": 0.6821030125473485, "clipscore_std": 0.10071417618767758, "ref_clipscore": 0.7680368134469697, "ref_clipscore_std": 0.06316077748921556}, "news": {"bleu": [0.4204973624715823, 0.2953270654546175, 0.21420458783127155, 0.15823016841470197], "meteor": 0.20179568161494993, "rouge": 0.44082606812431785, "cider": 1.0210055854079323, "spice": 0.2460000461384194, "clipscore": 0.6463512073863636, "clipscore_std": 0.11015687030113537, "ref_clipscore": 0.7404563210227273, "ref_clipscore_std": 0.07060449161887347}, "science_journals": {"bleu": [0.3908716540835996, 0.2767502281045995, 0.20326718862460633, 0.15137957226942964], "meteor": 0.20191399259764164, "rouge": 0.4283606676842271, "cider": 0.9816577958398975, "spice": 0.23116952345810982, "clipscore": 0.6734064275568182, "clipscore_std": 0.1114323855001879, "ref_clipscore": 0.7554450757575758, "ref_clipscore_std": 0.06811687799801203}}