{"travel": {"bleu": [0.4804738920577093, 0.3401212182086109, 0.24220625091409065, 0.1731049288027668], "meteor": 0.20565268941937573, "rouge": 0.45957298756090564, "cider": 0.880651696814884, "spice": 0.2575635805738384, "clipscore": 0.6310776219223485, "clipscore_std": 0.10188227225252264, "ref_clipscore": 0.7345821496212122, "ref_clipscore_std": 0.0698683384727614}, "shopping": {"bleu": [0.4267815191854241, 0.2934638218763333, 0.20915652735754, 0.15243162071590274], "meteor": 0.18951645305188572, "rouge": 0.4113570077017093, "cider": 0.8280640480529685, "spice": 0.20552783783942835, "clipscore": 0.6598085345643939, "clipscore_std": 0.12741224989796815, "ref_clipscore": 0.7408262310606061, "ref_clipscore_std": 0.08281290284987472}, "social_media": {"bleu": [0.3784636969483064, 0.2466107757712287, 0.16729314107057322, 0.11550746809067834], "meteor": 0.18860792363221932, "rouge": 0.4363306628192052, "cider": 0.828169051093478, "spice": 0.20036753979606764, "clipscore": 0.6493918678977273, "clipscore_std": 0.09982578866662194, "ref_clipscore": 0.741455078125, "ref_clipscore_std": 0.05937370834284126}, "health": {"bleu": [0.4120305980527079, 0.2819545994850952, 0.1971970977354059, 0.13686450202522443], "meteor": 0.1984754053741439, "rouge": 0.44789621910397426, "cider": 0.8276355957514129, "spice": 0.23988012274600384, "clipscore": 0.6837417140151515, "clipscore_std": 0.10966472217964501, "ref_clipscore": 0.7636348839962122, "ref_clipscore_std": 0.06644569411982736}, "news": {"bleu": [0.36375239310773333, 0.24419986135375735, 0.17064878218761986, 0.12276342259161337], "meteor": 0.1994716954896965, "rouge": 0.4208988403062554, "cider": 0.8397618178490555, "spice": 0.2256379827956294, "clipscore": 0.663888642282197, "clipscore_std": 0.10642136547145988, "ref_clipscore": 0.7449544270833334, "ref_clipscore_std": 0.06576227653139541}, "science_journals": {"bleu": [0.3774657305247819, 0.2534124001614561, 0.18033868676513157, 0.13084705387313744], "meteor": 0.19874028181978445, "rouge": 0.4237793096096602, "cider": 0.9276110351222616, "spice": 0.2054819697571591, "clipscore": 0.6777195785984849, "clipscore_std": 0.11194965502282753, "ref_clipscore": 0.7557927911931818, "ref_clipscore_std": 0.07029743926530452}}