{"bleu": [0.3960396039601782, 0.2683415747140012, 0.19019065680658173, 0.13923761743912913], "meteor": 0.21170102416246292, "rouge": 0.3804639050576255, "cider": 0.7959542614658519, "spice": 0.22741110896117808, "bertscore_avg_precision": 0.8700116694934906, "bertscore_avg_recall": 0.8890368674070604, "bertscore_avg_f1": 0.8773546290974463, "full_bertscore": {"precision": [0.8955631256103516, 0.8711879849433899, 0.8231977224349976, 0.8129894733428955, 0.8690292835235596, 0.8838477730751038, 0.8862589597702026, 0.8632457852363586, 0.9999998211860657, 0.8730389475822449, 1.0, 0.8426158428192139, 0.9060434103012085, 0.9117761850357056, 0.9119475483894348, 0.9152386784553528, 0.925126850605011, 0.9620785713195801, 0.9221187233924866, 0.9876311421394348, 0.852764368057251, 0.8824763298034668, 0.9127622842788696, 0.8521416187286377, 0.9004114270210266, 0.9000536203384399, 0.9177900552749634, 0.874398946762085, 0.8979710340499878, 0.8380645513534546, 0.8772068023681641, 0.9147136807441711, 0.859606921672821, 0.9018230438232422, 0.8711984157562256, 0.9229385256767273, 0.8793532252311707, 0.9150128364562988, 0.8935245275497437, 0.8837020397186279, 0.8536016941070557, 0.923615038394928, 0.9350185394287109, 0.8945788145065308, 0.8918819427490234, 0.9176210165023804, 0.8618259429931641, 0.8339728713035583, 0.8954166173934937, 0.8852410316467285, 0.9227737188339233, 0.914788007736206, 0.8769274353981018, 0.8717114925384521, 0.8934963941574097, 0.8761972784996033, 0.8629781007766724, 0.8817058801651001, 0.8885388374328613, 0.865154504776001, 0.9221187233924866, 1.0, 0.8886007070541382, 0.8791332244873047, 0.8865243196487427, 0.8817969560623169, 0.8970625996589661, 0.0, 0.9222081303596497, 0.9160663485527039, 0.8452337980270386, 0.9036744832992554, 0.0, 0.8517864942550659, 0.886345624923706, 0.9574374556541443, 0.9577116966247559, 0.8705881237983704, 0.8728141188621521, 0.8855888843536377, 0.8540040850639343, 0.8824204802513123, 0.889205276966095, 0.8449798226356506, 0.8730264902114868, 0.8375320434570312, 0.8876349329948425, 0.8983885049819946, 0.8778892755508423, 0.9999999403953552, 0.85829758644104, 0.9147621393203735, 0.8835630416870117, 0.879016101360321, 0.9559090733528137, 0.8758009672164917, 0.9141182899475098, 0.8684011697769165, 0.869945764541626, 0.8848567008972168, 0.862055778503418, 0.0, 0.918942928314209, 0.9162018299102783, 0.8828936219215393, 0.9014933109283447, 0.9092156291007996, 0.8899613618850708, 0.9334810972213745, 0.9045860767364502, 0.8478899002075195, 0.8643327951431274, 0.8866533041000366, 0.9189635515213013, 0.8844021558761597, 0.8748698234558105, 0.8703930377960205, 0.8716738224029541, 0.8661394119262695, 0.845398485660553, 0.87330162525177, 0.8611190319061279, 0.8892740607261658, 0.8758657574653625], "recall": [0.9152933359146118, 0.8910785913467407, 0.899048388004303, 0.8641824126243591, 0.8836369514465332, 0.9135372042655945, 0.9343721270561218, 0.898719310760498, 0.9999998211860657, 0.8499512672424316, 1.0, 0.8715901374816895, 0.9335659742355347, 0.9456095695495605, 0.9339682459831238, 0.9292798042297363, 0.9271256923675537, 0.9499024152755737, 0.8918399810791016, 0.9869518876075745, 0.8786144852638245, 0.8916490077972412, 0.9087169170379639, 0.8775333762168884, 0.9327399730682373, 0.8964290618896484, 0.9155377149581909, 0.8973409533500671, 0.9220910668373108, 0.8692108392715454, 0.900934100151062, 0.9469289183616638, 0.8864136934280396, 0.915215253829956, 0.9116562604904175, 0.9568662047386169, 0.9062907695770264, 0.941737174987793, 0.945014476776123, 0.9019028544425964, 0.9103072881698608, 0.9259723424911499, 0.9625455737113953, 0.9270826578140259, 0.8934008479118347, 0.9124573469161987, 0.92901211977005, 0.8388714790344238, 0.951109766960144, 0.9269427061080933, 0.9529646635055542, 0.8885436654090881, 0.8742262125015259, 0.888251543045044, 0.9059626460075378, 0.884888231754303, 0.9500192403793335, 0.9221789836883545, 0.8744015693664551, 0.9394205808639526, 0.8918399810791016, 1.0, 0.8959487080574036, 0.8952209949493408, 0.9612320065498352, 0.910191535949707, 0.9069275856018066, 0.0, 0.8996536731719971, 0.9448220729827881, 0.880940318107605, 0.912330150604248, 0.0, 0.8643513917922974, 0.8825389742851257, 0.9552891254425049, 0.9385254383087158, 0.8747979402542114, 0.9027836322784424, 0.9075549840927124, 0.8756943941116333, 0.9066129922866821, 0.9163362979888916, 0.874841570854187, 0.8852882981300354, 0.8758916258811951, 0.8992239832878113, 0.9306467771530151, 0.9311186075210571, 0.9999999403953552, 0.9080606698989868, 0.9492762088775635, 0.8690571188926697, 0.9400385618209839, 0.8949224948883057, 0.9071415662765503, 0.973316490650177, 0.9161058664321899, 0.8857824802398682, 0.9274536371231079, 0.9193786978721619, 0.0, 0.9178552031517029, 0.9117595553398132, 0.8784306049346924, 0.9269608855247498, 0.9016989469528198, 0.9300979375839233, 0.8791016340255737, 0.8979867696762085, 0.8414171934127808, 0.8980994820594788, 0.8948859572410583, 0.9477713108062744, 0.8848589658737183, 0.8943353891372681, 0.8899260759353638, 0.9044601917266846, 0.8657776117324829, 0.8617859482765198, 0.9113787412643433, 0.8870120644569397, 0.9317437410354614, 0.8910548686981201], "f1": [0.9017596244812012, 0.8810210227966309, 0.8594527244567871, 0.8378046154975891, 0.8762722015380859, 0.8984472751617432, 0.9096798300743103, 0.8725189566612244, 0.9999998211860657, 0.8572924137115479, 1.0, 0.8529412150382996, 0.9173497557640076, 0.9283847212791443, 0.9196875095367432, 0.9222058057785034, 0.9261252284049988, 0.9559517502784729, 0.9067266583442688, 0.985439121723175, 0.8654964566230774, 0.8870389461517334, 0.9107350707054138, 0.864651083946228, 0.9162906408309937, 0.8982377052307129, 0.9166625142097473, 0.8801864981651306, 0.9024457931518555, 0.8533535599708557, 0.8889121413230896, 0.9267516732215881, 0.8697764873504639, 0.899540901184082, 0.8909683227539062, 0.9395962357521057, 0.8844811320304871, 0.9180033206939697, 0.9185484647750854, 0.8809918761253357, 0.881043016910553, 0.9247921109199524, 0.9485823512077332, 0.910540759563446, 0.891798198223114, 0.915031909942627, 0.8941587209701538, 0.8364149332046509, 0.9207854866981506, 0.905612051486969, 0.9376262426376343, 0.9014748930931091, 0.8726812601089478, 0.8635050654411316, 0.899686336517334, 0.8755301237106323, 0.9044092893600464, 0.9014883637428284, 0.8787584900856018, 0.9007593989372253, 0.9067266583442688, 1.0, 0.8833267688751221, 0.8871042132377625, 0.9223678708076477, 0.8957692980766296, 0.9019681215286255, 0.0, 0.8973367214202881, 0.906544029712677, 0.8627177476882935, 0.9079816937446594, 0.0, 0.8571197390556335, 0.8810706734657288, 0.9563620686531067, 0.9480215311050415, 0.8726879358291626, 0.8875459432601929, 0.8944303393363953, 0.8647133111953735, 0.8904995918273926, 0.9025669693946838, 0.8596514463424683, 0.8765602707862854, 0.8562824130058289, 0.8918554186820984, 0.9100754857063293, 0.8939761519432068, 0.9999999403953552, 0.8809890151023865, 0.9316996335983276, 0.8762499690055847, 0.9085038304328918, 0.9244109988212585, 0.8897753953933716, 0.9427890777587891, 0.8909246921539307, 0.8777927160263062, 0.9056545495986938, 0.8897948861122131, 0.0, 0.9183987379074097, 0.9139752388000488, 0.8759654760360718, 0.9140496850013733, 0.9054417014122009, 0.9095870852470398, 0.9054756760597229, 0.9012743830680847, 0.8446411490440369, 0.8808926939964294, 0.8820304274559021, 0.9331451058387756, 0.8846305012702942, 0.8844955563545227, 0.8800511956214905, 0.8877643942832947, 0.8659585118293762, 0.835959255695343, 0.8886088728904724, 0.8679384589195251, 0.9081864356994629, 0.8832482695579529], "hashcode": "roberta-large_L17_no-idf_version=0.3.12(hug_trans=4.34.0)"}}