{"social_media": {"bleu": [0.38110749185543613, 0.26069086590900936, 0.1832619622242822, 0.12274884660760454], "meteor": 0.2192071730194922, "rouge": 0.3741673280501006, "cider": 0.5976424786225935, "spice": 0.219050464824623}, "news": {"bleu": [0.3498233215535342, 0.21799809221841102, 0.13913791446458706, 0.09165645564991484], "meteor": 0.18224753535664734, "rouge": 0.3050770474426731, "cider": 0.34113028888858477, "spice": 0.14841309743270525}, "shopping": {"bleu": [0.43213296398772266, 0.2887024212043503, 0.21438089494628193, 0.16548962399070719], "meteor": 0.20587012128955384, "rouge": 0.4100338348271519, "cider": 1.0492109231657827, "spice": 0.2339920594514587}, "science_journals": {"bleu": [0.4151515151502571, 0.291880042371505, 0.21471784200784164, 0.16164381794651025], "meteor": 0.22003930492882193, "rouge": 0.42333060106517495, "cider": 1.210389747788426, "spice": 0.2807542691749853}, "travel": {"bleu": [0.3455882352928471, 0.22481230384394826, 0.14107689170444895, 0.08989277719156823], "meteor": 0.2135384682759039, "rouge": 0.33290612957812493, "cider": 0.5338765004218318, "spice": 0.22793760247320613}, "health": {"bleu": [0.4415094339605981, 0.3170271480622883, 0.2341648382563067, 0.18506054149618234], "meteor": 0.22439141706567056, "rouge": 0.4171574295679096, "cider": 0.912336114715896, "spice": 0.2380794700647222}}