{"bleu": [0.4074074074069883, 0.2719408752435901, 0.19042994270653207, 0.13618433008970476], "meteor": 0.2172138486391221, "rouge": 0.38731260683944657, "cider": 0.738866361849633, "spice": 0.24493869410769933, "bertscore_avg_precision": 0.8919680818678841, "bertscore_avg_recall": 0.9122833250060914, "bertscore_avg_f1": 0.89998102471942, "full_bertscore": {"precision": [0.8348245024681091, 0.8734644651412964, 0.836727499961853, 0.8337572813034058, 0.8656917810440063, 0.8802250623703003, 0.9015376567840576, 0.8760891556739807, 0.9943496584892273, 0.8590851426124573, 0.9429256916046143, 0.854667067527771, 0.8999940752983093, 0.8699455261230469, 0.9119475483894348, 0.8614509701728821, 0.9251267910003662, 0.9620787501335144, 0.922118604183197, 0.9131109118461609, 0.8710710406303406, 0.8821710348129272, 0.9146391153335571, 0.8838844299316406, 0.9048274159431458, 0.8755992650985718, 0.9174364805221558, 0.8980497717857361, 0.8960397243499756, 0.838191032409668, 0.9105621576309204, 0.9134926795959473, 0.8777779340744019, 0.8748636245727539, 0.9216228723526001, 0.8764287233352661, 0.8793532252311707, 0.9127742648124695, 0.8836736679077148, 0.8831382989883423, 0.8676479458808899, 0.9311838150024414, 0.9350185394287109, 0.8821584582328796, 0.891882061958313, 0.9243852496147156, 0.9399979114532471, 0.8295196294784546, 0.8860156536102295, 0.9154768586158752, 0.8858119249343872, 0.9243813157081604, 0.8551624417304993, 0.8810224533081055, 0.8878769874572754, 0.8718274831771851, 0.8827071785926819, 0.8889905214309692, 0.8561331629753113, 0.8536479473114014, 0.922118604183197, 0.9631953835487366, 0.8831127285957336], "recall": [0.8606595993041992, 0.8920295238494873, 0.894019365310669, 0.8725317120552063, 0.8870439529418945, 0.9131642580032349, 0.9401546716690063, 0.888817310333252, 0.9943496584892273, 0.8467354774475098, 0.9830967783927917, 0.8740376234054565, 0.9293592572212219, 0.8932665586471558, 0.933968186378479, 0.8748874068260193, 0.9271256327629089, 0.9499022960662842, 0.8918399214744568, 0.9741090536117554, 0.8767097592353821, 0.8846359252929688, 0.9168149828910828, 0.8690739870071411, 0.940906286239624, 0.8846212029457092, 0.9110428690910339, 0.8993123173713684, 0.9098448753356934, 0.8657440543174744, 0.9529238939285278, 0.9478069543838501, 0.8849162459373474, 0.9004888534545898, 0.9330291748046875, 0.9177000522613525, 0.9062906503677368, 0.9432230591773987, 0.9375054240226746, 0.9004907608032227, 0.921201229095459, 0.9280165433883667, 0.96254563331604, 0.9232369661331177, 0.8934009075164795, 0.9119641184806824, 0.9716702699661255, 0.8530359268188477, 0.9514376521110535, 0.9526188969612122, 0.9319603443145752, 0.9014638066291809, 0.8800766468048096, 0.8867273330688477, 0.9056292772293091, 0.8816707730293274, 0.9600290060043335, 0.9146825075149536, 0.8536019325256348, 0.9341295957565308, 0.8918399214744568, 0.9631953835487366, 0.8955352306365967], "f1": [0.8466311097145081, 0.8826493620872498, 0.8644251823425293, 0.8527039289474487, 0.8762378096580505, 0.8963921666145325, 0.9204413294792175, 0.8809190988540649, 0.9943496584892273, 0.8487464189529419, 0.9625923037528992, 0.8586881756782532, 0.9144409894943237, 0.8806629776954651, 0.9196875691413879, 0.8681172132492065, 0.9261251091957092, 0.9559517502784729, 0.906726598739624, 0.941889226436615, 0.8738812804222107, 0.8834018111228943, 0.915725827217102, 0.8764166235923767, 0.9225142598152161, 0.8800870776176453, 0.9142284989356995, 0.891127347946167, 0.8912222981452942, 0.8460924029350281, 0.9312615394592285, 0.9257612824440002, 0.8813326954841614, 0.8822579979896545, 0.924415647983551, 0.8965896964073181, 0.8844811320304871, 0.913896918296814, 0.908079206943512, 0.882143497467041, 0.8936230540275574, 0.9295974969863892, 0.9485824108123779, 0.902191698551178, 0.891798198223114, 0.9181326627731323, 0.9555717706680298, 0.8398455381393433, 0.917561948299408, 0.9336786270141602, 0.9083003997802734, 0.9127787351608276, 0.8615350127220154, 0.8725012540817261, 0.8966652750968933, 0.873190701007843, 0.9197458624839783, 0.901653528213501, 0.8533831238746643, 0.8920772075653076, 0.906726598739624, 0.9631953835487366, 0.8831730484962463], "hashcode": "roberta-large_L17_no-idf_version=0.3.12(hug_trans=4.34.0)"}}