{"social_media": {"bleu": [0.3499999999978125, 0.19321835661461131, 0.1169607095277326, 0.059230330719821575], "meteor": 0.17837331961600839, "rouge": 0.316023180885677, "cider": 0.5343800882754599, "spice": 0.1922647527910686}, "news": {"bleu": [0.3852459016361865, 0.22416392535457166, 0.13250305706056162, 0.06927700122918445], "meteor": 0.20643268298051978, "rouge": 0.32762134330968895, "cider": 0.3005305458961759, "spice": 0.22108843537414963}, "shopping": {"bleu": [0.38990825687894537, 0.25864265785866997, 0.17414566004937662, 0.12038734447947974], "meteor": 0.212780869731794, "rouge": 0.3987397283051379, "cider": 0.6924778945291378, "spice": 0.24214338844880717}, "science_journals": {"bleu": [0.46470588235020766, 0.32988411512292587, 0.23761881119476896, 0.17325869616541587], "meteor": 0.24574403160075192, "rouge": 0.43906542613212696, "cider": 0.9634108743559283, "spice": 0.2981548516842635}, "travel": {"bleu": [0.42718446601527005, 0.29832325379067287, 0.22894007351071508, 0.17213758785325547], "meteor": 0.23841226080183664, "rouge": 0.3798072102680293, "cider": 0.7202220403800338, "spice": 0.28172353961827645}, "health": {"bleu": [0.4271356783898134, 0.3105639900148687, 0.23406041791120527, 0.18620391211100992], "meteor": 0.2217454872332383, "rouge": 0.41825547977899064, "cider": 0.9171653145683281, "spice": 0.2323800551871484}}