{"bleu": [0.4234913793098885, 0.2901873368227386, 0.21297246499519934, 0.16068451548809373], "meteor": 0.22522797471237238, "rouge": 0.4127448901216888, "cider": 1.0268875791808199, "spice": 0.24939813492426371, "bertscore_avg_precision": 0.894826885253664, "bertscore_avg_recall": 0.9154916197534592, "bertscore_avg_f1": 0.9029002426162599, "full_bertscore": {"precision": [0.895563006401062, 0.8711879253387451, 0.8286768198013306, 0.8129895329475403, 0.8690292239189148, 0.8838478326797485, 0.8862589597702026, 0.8632457852363586, 1.0, 0.8730389475822449, 1.0, 0.8426159024238586, 0.9060434103012085, 0.9117761850357056, 0.9119475483894348, 0.915238618850708, 0.9251267910003662, 0.9620787501335144, 0.922118604183197, 0.98763108253479, 0.852764368057251, 0.8824763894081116, 0.9127622246742249, 0.8521414995193481, 0.9004113674163818, 0.9000536203384399, 0.9177900552749634, 0.874398946762085, 0.897970974445343, 0.8380644917488098, 0.8772068023681641, 0.9147137403488159, 0.8596070408821106, 0.9018233418464661, 0.8711984157562256, 0.9229385852813721, 0.8793532252311707, 0.9150128364562988, 0.8935245275497437, 0.8837020397186279, 0.8536016941070557, 0.9236150979995728, 0.9350185394287109, 0.8945786952972412, 0.891882061958313, 0.9176210165023804, 0.8618259429931641, 0.8339728116989136, 0.8954166173934937, 0.8852410316467285, 0.9227737188339233, 0.9147878289222717, 0.8769274950027466, 0.8717114329338074, 0.8934963941574097, 0.8761974573135376, 0.8629781007766724, 0.8817057609558105, 0.8885388374328613, 0.865154504776001, 0.922118604183197, 1.0, 0.8886007070541382], "recall": [0.9152933359146118, 0.8910785913467407, 0.9061977863311768, 0.8641818761825562, 0.8836368918418884, 0.9135372042655945, 0.9343721270561218, 0.898719310760498, 1.0, 0.8499511480331421, 1.0, 0.8715901374816895, 0.9335659146308899, 0.9456095695495605, 0.933968186378479, 0.9292798042297363, 0.9271256327629089, 0.9499022960662842, 0.8918399214744568, 0.9869518876075745, 0.8786145448684692, 0.8916490077972412, 0.9087168574333191, 0.8775331974029541, 0.9327399730682373, 0.896429181098938, 0.9155377149581909, 0.8973408937454224, 0.922091007232666, 0.8692107796669006, 0.9009340405464172, 0.9469287991523743, 0.8864138126373291, 0.915215253829956, 0.9116562604904175, 0.9568662643432617, 0.9062906503677368, 0.9417368173599243, 0.9450145959854126, 0.9019028544425964, 0.9103071689605713, 0.9259723424911499, 0.9625455737113953, 0.9270825982093811, 0.8934009075164795, 0.9124573469161987, 0.9290121793746948, 0.8388713002204895, 0.951109766960144, 0.9269428253173828, 0.9529646635055542, 0.8885436654090881, 0.8742260932922363, 0.8882513642311096, 0.9059627056121826, 0.8848880529403687, 0.9500192999839783, 0.9221789836883545, 0.8744017481803894, 0.9394207000732422, 0.8918399214744568, 1.0, 0.8959487080574036], "f1": [0.9017596244812012, 0.8810210227966309, 0.8657053112983704, 0.83780437707901, 0.8762722015380859, 0.8984473347663879, 0.9096798300743103, 0.8725189566612244, 1.0, 0.8572929501533508, 1.0, 0.8529413938522339, 0.9173496961593628, 0.9283847212791443, 0.9196875691413879, 0.9222057461738586, 0.9261251091957092, 0.9559517502784729, 0.906726598739624, 0.985439121723175, 0.8654965162277222, 0.887039065361023, 0.9107350707054138, 0.8646509647369385, 0.9162905812263489, 0.8982377648353577, 0.9166625142097473, 0.8801864385604858, 0.9024457931518555, 0.8533535599708557, 0.8889122009277344, 0.9267516732215881, 0.8697764873504639, 0.8995410203933716, 0.8909683227539062, 0.9395962953567505, 0.8844811320304871, 0.9180033206939697, 0.918548583984375, 0.8809918761253357, 0.8810429573059082, 0.9247921705245972, 0.9485823512077332, 0.9105406999588013, 0.891798198223114, 0.915031909942627, 0.8941587209701538, 0.8364148736000061, 0.9207854866981506, 0.9056121110916138, 0.9376262426376343, 0.9014748334884644, 0.8726812601089478, 0.8635050654411316, 0.899686336517334, 0.875530481338501, 0.9044093489646912, 0.9014883041381836, 0.8787586688995361, 0.9007593989372253, 0.906726598739624, 1.0, 0.8833267688751221], "hashcode": "roberta-large_L17_no-idf_version=0.3.12(hug_trans=4.34.0)"}}