{"social_media": {"bleu": [0.339622641507298, 0.2081047456411268, 0.14101453914497325, 0.09656405384944594], "meteor": 0.19680784499213513, "rouge": 0.3186311410298809, "cider": 0.4205870749408267, "spice": 0.17344375431331954}, "news": {"bleu": [0.39823008849205105, 0.2373885304910936, 0.14171574077682067, 0.07457900958762917], "meteor": 0.1938839341500083, "rouge": 0.31647197733805676, "cider": 0.3209490498680645, "spice": 0.2111121371625573}, "shopping": {"bleu": [0.3943661971812471, 0.26336455522930013, 0.1957301095933331, 0.14819801039611513], "meteor": 0.20935348884511684, "rouge": 0.40896770896315776, "cider": 0.8249572877208833, "spice": 0.2256043956043956}, "science_journals": {"bleu": [0.4294871794844264, 0.31844417902568245, 0.24860368658674528, 0.1979842639950181], "meteor": 0.2377156605873949, "rouge": 0.46458898306286694, "cider": 1.9245048523346364, "spice": 0.3039938533688533}, "travel": {"bleu": [0.4499999999955, 0.30320864741801123, 0.2274010505377456, 0.16516958526108153], "meteor": 0.2609775865941694, "rouge": 0.4173258840470118, "cider": 0.8767861012780168, "spice": 0.28617901706136994}, "health": {"bleu": [0.5240641711201922, 0.3880633358356332, 0.29339161952540804, 0.2354173549033445], "meteor": 0.24538860628829284, "rouge": 0.49072430118719174, "cider": 1.3252422220688023, "spice": 0.28386300758770394}}