{"social_media": {"bleu": [0.2792792792767632, 0.14873174184283533, 0.07751240990106692, 0.047827857650897615], "meteor": 0.12002677901353183, "rouge": 0.21017964289862423, "cider": 0.3191294846178376, "spice": 0.05205128205128205}, "news": {"bleu": [0.3359551972732764, 0.15424124004585074, 0.10594594304551788, 0.07496369383916208], "meteor": 0.11742969063482188, "rouge": 0.23928098676209045, "cider": 0.26265169193696797, "spice": 0.036796536796536786}, "shopping": {"bleu": [0.3421052631548938, 0.23996265125181074, 0.17665827539357887, 0.12581859164103115], "meteor": 0.14329342767069128, "rouge": 0.22439592602958183, "cider": 0.36992559821147786, "spice": 0.11921390013495278}, "science_journals": {"bleu": [0.3010204081617295, 0.19345324720029142, 0.12810832371524247, 0.08362110409916451], "meteor": 0.1513699735773515, "rouge": 0.27294310336980593, "cider": 0.49736832568472605, "spice": 0.12259827383397177}, "travel": {"bleu": [0.15268680964028417, 0.1169491924359115, 0.08907758476151119, 0.06816072542562189], "meteor": 0.11402745223203628, "rouge": 0.15386187505004797, "cider": 0.3447875631538383, "spice": 0.08843537414965986}, "health": {"bleu": [0.36303307842318705, 0.2876175957866772, 0.20335040624150877, 0.14497382527892996], "meteor": 0.14429798941360242, "rouge": 0.3435924976527482, "cider": 0.6851223525212736, "spice": 0.12011834319526628}}