{"bleu": [0.3615107913662563, 0.23867412264683072, 0.16101161347261342, 0.10953260133855669], "meteor": 0.1369082468250303, "rouge": 0.24979935136521836, "cider": 0.44526694373960757, "spice": 0.09680711978685172, "bertscore_avg_precision": 0.8561128888811383, "bertscore_avg_recall": 0.8373911267235166, "bertscore_avg_f1": 0.8439046674304538, "full_bertscore": {"precision": [0.8541665077209473, 0.9107832312583923, 0.897667646408081, 0.8058867454528809, 0.8873368501663208, 0.9355760812759399, 0.8424100279808044, 0.8297995924949646, 0.0, 0.8911899328231812, 0.8537156581878662, 0.9067733287811279, 0.8633576035499573, 0.8461443781852722, 0.851811945438385, 0.8535812497138977, 0.9234669208526611, 0.9620785713195801, 0.9479202032089233, 0.8369376063346863, 0.8742678165435791, 0.8469851613044739, 0.8493365049362183, 0.8649598956108093, 0.8719791769981384, 0.8831028938293457, 0.9608777165412903, 0.8815241456031799, 0.8713921308517456, 0.8927287459373474, 0.9002306461334229, 0.8597739934921265, 0.8933696746826172, 0.8673377633094788, 0.8515673279762268, 0.9056061506271362, 0.9124486446380615, 0.8321139812469482, 0.8713609576225281, 0.9163164496421814, 0.9010084271430969, 0.8299614191055298, 0.8797904849052429, 0.9199572205543518, 0.8807196021080017, 0.9682950377464294, 0.9215517044067383, 0.902031660079956, 0.9193239212036133, 0.8546692132949829, 0.8827688694000244, 0.8336638808250427, 0.8845175504684448, 0.8729684948921204, 0.8863071203231812, 0.9218510389328003, 0.8567490577697754, 0.8622251749038696, 0.8907731771469116, 0.0, 0.9479202032089233, 0.8738011717796326, 0.9363737106323242], "recall": [0.8260113596916199, 0.8448437452316284, 0.90358567237854, 0.8830453157424927, 0.884063720703125, 0.8899426460266113, 0.8116795420646667, 0.8882794976234436, 0.0, 0.8638041615486145, 0.8308449983596802, 0.9134237766265869, 0.8211079835891724, 0.8125935792922974, 0.8241571187973022, 0.8078010082244873, 0.9248158931732178, 0.9499024152755737, 0.9234374761581421, 0.8356919288635254, 0.8855717182159424, 0.8120317459106445, 0.8929990530014038, 0.8042902946472168, 0.8420092463493347, 0.8660446405410767, 0.9447871446609497, 0.8192474842071533, 0.8266971111297607, 0.8456423878669739, 0.9438424110412598, 0.8432720899581909, 0.8184878826141357, 0.8398483395576477, 0.9053602814674377, 0.9076191186904907, 0.9013153910636902, 0.8494141101837158, 0.8326115608215332, 0.9062200784683228, 0.8179079294204712, 0.8250318765640259, 0.9444591999053955, 0.913374662399292, 0.8033373951911926, 0.9404798150062561, 0.8657779693603516, 0.8923695087432861, 0.8975895643234253, 0.8228714466094971, 0.8566054701805115, 0.8078328371047974, 0.814897358417511, 0.8050828576087952, 0.8975721597671509, 0.9093621969223022, 0.8454028367996216, 0.8163805603981018, 0.882430911064148, 0.0, 0.9234374761581421, 0.8518134951591492, 0.8952795267105103], "f1": [0.8284257650375366, 0.8701403737068176, 0.9006169438362122, 0.8427035212516785, 0.8838777542114258, 0.9079993367195129, 0.8167255520820618, 0.847773551940918, 0.0, 0.8772833943367004, 0.8338027596473694, 0.8875567317008972, 0.8407160639762878, 0.8290296792984009, 0.8377563953399658, 0.8284647464752197, 0.9241408705711365, 0.9559517502784729, 0.9355186820030212, 0.8363142609596252, 0.8798834681510925, 0.8278795480728149, 0.8706207275390625, 0.8285441398620605, 0.856732189655304, 0.8744905591011047, 0.9527645111083984, 0.8402379751205444, 0.8484564423561096, 0.8685478568077087, 0.9215207695960999, 0.8513638377189636, 0.8542910218238831, 0.8533717393875122, 0.8681166172027588, 0.9060128331184387, 0.9068478345870972, 0.8406750559806824, 0.8398658037185669, 0.9112403392791748, 0.8574494123458862, 0.8259246349334717, 0.9109786152839661, 0.9166541695594788, 0.8363448977470398, 0.9541847705841064, 0.892794668674469, 0.8971745371818542, 0.9083268046379089, 0.8384689688682556, 0.8677966594696045, 0.8202494382858276, 0.8482813835144043, 0.832567572593689, 0.8919040560722351, 0.9155640006065369, 0.8414626121520996, 0.8386768102645874, 0.883002519607544, 0.0, 0.9355186820030212, 0.8626672625541687, 0.9037401676177979], "hashcode": "roberta-large_L17_no-idf_version=0.3.12(hug_trans=4.31.0)"}}