{"bleu": [0.24380165289222616, 0.16801685948644857, 0.12234629851091218, 0.09048574744993218], "meteor": 0.12263368255232447, "rouge": 0.24572066520624028, "cider": 0.4749284367706646, "spice": 0.09946651187885408, "bertscore_avg_precision": 0.8413304801910154, "bertscore_avg_recall": 0.8532697154629615, "bertscore_avg_f1": 0.8434016262331316, "full_bertscore": {"precision": [0.8539206981658936, 0.9114290475845337, 0.8751705884933472, 0.8525441884994507, 0.8456369638442993, 0.9030280113220215, 0.9408196210861206, 0.6524803042411804, 0.8514976501464844, 0.0, 0.8901665210723877, 0.8534184694290161, 0.9187939167022705, 0.8754735589027405, 0.6512357592582703, 0.8511782884597778, 0.8623626232147217, 0.9356541633605957, 0.7383434772491455, 0.96266770362854, 0.9086560606956482, 0.8477338552474976, 0.8670032024383545, 0.8460985422134399, 0.7989351153373718, 0.9271657466888428, 0.8981475830078125, 0.8549693822860718, 0.9408196210861206, 0.8981475830078125, 0.7793008089065552, 0.6449912786483765, 0.9271658658981323, 0.8778917789459229, 0.8339756727218628, 0.8697851896286011, 0.8782773613929749, 0.9743131995201111, 0.8549693822860718, 0.6522934436798096, 0.9408196210861206, 0.892728865146637, 0.6512357592582703, 0.8981475830078125, 0.9083740711212158, 0.7793008089065552, 0.8592463731765747, 0.6449912786483765, 0.8681496977806091, 0.9086560606956482, 0.8596360683441162, 0.8695536851882935, 0.9271658062934875, 0.7928284406661987, 0.9005752205848694, 0.8778917789459229, 0.8339756727218628, 0.8697851896286011, 0.892444372177124, 0.9047794938087463, 0.9010082483291626, 0.8747334480285645], "recall": [0.8247970342636108, 0.8297933340072632, 0.8934722542762756, 0.8545140027999878, 0.8442755937576294, 0.8910083174705505, 0.9065639972686768, 0.8263111114501953, 0.8758366107940674, 0.0, 0.865580141544342, 0.8298797607421875, 0.8695156574249268, 0.8247359991073608, 0.8199364542961121, 0.8232033848762512, 0.813535213470459, 0.9447205066680908, 0.8149886727333069, 0.9522702693939209, 0.906105637550354, 0.8377357125282288, 0.8916683197021484, 0.8120909333229065, 0.8420127630233765, 0.9455685615539551, 0.9461445808410645, 0.8179031014442444, 0.9065639972686768, 0.9461445808410645, 0.8315308094024658, 0.8735525012016296, 0.9455685615539551, 0.8430678844451904, 0.8552230596542358, 0.8344390392303467, 0.8602768182754517, 0.9565672874450684, 0.8179031014442444, 0.827404797077179, 0.9065639972686768, 0.8456424474716187, 0.8199364542961121, 0.9461445808410645, 0.8697172403335571, 0.8315308094024658, 0.8425303101539612, 0.8735525012016296, 0.8413817882537842, 0.906105637550354, 0.8319375514984131, 0.8996745944023132, 0.9455685615539551, 0.8452550768852234, 0.8966371417045593, 0.8430678844451904, 0.8552230596542358, 0.8344390392303467, 0.9181253910064697, 0.9095820784568787, 0.8179079294204712, 0.8197879195213318], "f1": [0.8284633159637451, 0.8608420491218567, 0.877468466758728, 0.8535279631614685, 0.8449556827545166, 0.8969779014587402, 0.9233742356300354, 0.7243134379386902, 0.8634957075119019, 0.0, 0.8777011632919312, 0.8319108486175537, 0.8934758305549622, 0.8479508757591248, 0.7230138182640076, 0.8369570970535278, 0.8333151936531067, 0.9401655197143555, 0.7728102803230286, 0.9574407935142517, 0.9073790907859802, 0.8427051305770874, 0.8791627883911133, 0.8273281455039978, 0.8168818354606628, 0.9362767338752747, 0.9215215444564819, 0.8312748074531555, 0.9233742356300354, 0.9215215444564819, 0.8045690655708313, 0.7284268736839294, 0.9362767934799194, 0.8601275086402893, 0.8444657325744629, 0.839918851852417, 0.8691838979721069, 0.9549616575241089, 0.8312748074531555, 0.7280981540679932, 0.9233742356300354, 0.8685479164123535, 0.7230138182640076, 0.9215215444564819, 0.88862544298172, 0.8045690655708313, 0.8507108092308044, 0.7284268736839294, 0.854556143283844, 0.9073790907859802, 0.8455600142478943, 0.8810027837753296, 0.9362767934799194, 0.8182028532028198, 0.8893480896949768, 0.8601275086402893, 0.8444657325744629, 0.839918851852417, 0.9051027297973633, 0.9034618735313416, 0.8574494123458862, 0.8463698625564575], "hashcode": "roberta-large_L17_no-idf_version=0.3.12(hug_trans=4.31.0)"}}