{"social_media": {"bleu": [4.780892874324006e-40, 1.511851073969225e-35, 4.780892877511273e-34, 2.6884936365568286e-33], "meteor": 0.0, "rouge": 0.0, "cider": 0.0, "spice": 0.0}, "news": {"bleu": [0.0, 0.0, 0.0, 0.0], "meteor": 0.0, "rouge": 0.0, "cider": 0.0, "spice": 0.0}, "shopping": {"bleu": [0.0, 0.0, 0.0, 0.0], "meteor": 0.0, "rouge": 0.0, "cider": 0.0, "spice": 0.0}, "science_journals": {"bleu": [1.0575655177379965e-19, 4.7295767754614425e-27, 1.6787806153825897e-26, 3.162858616417559e-26], "meteor": 0.0022656471254602095, "rouge": 0.012398373983739837, "cider": 1.3829153288970914e-05, "spice": 0.0}, "travel": {"bleu": [0.0, 0.0, 0.0, 0.0], "meteor": 0.0, "rouge": 0.0, "cider": 0.0, "spice": 0.0}, "health": {"bleu": [0.0, 0.0, 0.0, 0.0], "meteor": 0.0, "rouge": 0.0, "cider": 0.0, "spice": 0.0}}