{"travel": {"bleu": [0.45771916214083963, 0.31678618963283695, 0.22073729838031458, 0.1542475916640235], "meteor": 0.20615958395192127, "rouge": 0.4535239589800432, "cider": 0.8017774612233312, "spice": 0.2556251776551596}, "shopping": {"bleu": [0.39778597785948505, 0.27328330271709766, 0.19757580999802068, 0.14490777303900723], "meteor": 0.19575542843742486, "rouge": 0.4336416675303899, "cider": 0.8894477386380251, "spice": 0.20768886017125726}, "social_media": {"bleu": [0.43252595155671925, 0.2836049556648187, 0.19368517389687634, 0.1314405585045263], "meteor": 0.1916744193011611, "rouge": 0.4431027073066969, "cider": 0.873695733836112, "spice": 0.21267330943767918}, "health": {"bleu": [0.45474943904229265, 0.3030489216727774, 0.2087902178283137, 0.14338771596695665], "meteor": 0.18880363538418374, "rouge": 0.4231065970297676, "cider": 0.707154470738557, "spice": 0.21179181056694843}, "news": {"bleu": [0.2896804609741804, 0.18529350225717314, 0.12292564167305615, 0.08422645573583488], "meteor": 0.183864586264773, "rouge": 0.380142451171033, "cider": 0.6976122360634457, "spice": 0.20943461602652452}, "science_journals": {"bleu": [0.37768240343324483, 0.25105668421314425, 0.17346169004537, 0.12027179251393764], "meteor": 0.19019565140470313, "rouge": 0.3971910496896627, "cider": 0.8355759535459583, "spice": 0.20048428477125588}}