{"travel": {"bleu": [0.2505571474052052, 0.1557500443000855, 0.10195163783088831, 0.06895639919602281], "meteor": 0.1879474636223561, "rouge": 0.34334980389196135, "cider": 0.3795728039918061, "spice": 0.20889452771308678, "clipscore": 0.720001220703125, "clipscore_std": 0.11549438222391807, "ref_clipscore": 0.75299072265625, "ref_clipscore_std": 0.0637946059587804}, "shopping": {"bleu": [0.26034612490584635, 0.16631829656184965, 0.11013586612200142, 0.07627618557745736], "meteor": 0.1832327152392929, "rouge": 0.37900847138786703, "cider": 0.6253250299707706, "spice": 0.19608005732417919, "clipscore": 0.7417739556760204, "clipscore_std": 0.10489663959092106, "ref_clipscore": 0.7606923628826531, "ref_clipscore_std": 0.07796285470226014}, "social_media": {"bleu": [0.2581234027016217, 0.1667315532022418, 0.11167443991797976, 0.0742162108510436], "meteor": 0.1929381035051141, "rouge": 0.365175402805673, "cider": 0.5081322554175937, "spice": 0.22534507068309434, "clipscore": 0.7213907047193877, "clipscore_std": 0.08179613937972122, "ref_clipscore": 0.7592673788265306, "ref_clipscore_std": 0.06387654300910897}, "health": {"bleu": [0.32207357859521, 0.20826763388024316, 0.13718651640023882, 0.0944265761204653], "meteor": 0.20260971805029007, "rouge": 0.38737457814621934, "cider": 0.5430453214418521, "spice": 0.22130922838206105, "clipscore": 0.7234030330882353, "clipscore_std": 0.10738615546314388, "ref_clipscore": 0.7599475337009803, "ref_clipscore_std": 0.06472555451932308}, "news": {"bleu": [0.2182926829267627, 0.13194159483233936, 0.08174829985146718, 0.05228574799558917], "meteor": 0.1724495864998917, "rouge": 0.3160039385140087, "cider": 0.37637336325271725, "spice": 0.1936677083138428, "clipscore": 0.7263997395833334, "clipscore_std": 0.10493992853172458, "ref_clipscore": 0.757415771484375, "ref_clipscore_std": 0.0713919437199264}, "science_journals": {"bleu": [0.22437910362539984, 0.13952844488561492, 0.09036389795231306, 0.059694620702671584], "meteor": 0.16766225952144803, "rouge": 0.3276999757607712, "cider": 0.5248414855795424, "spice": 0.18365472336121128, "clipscore": 0.7486547353316326, "clipscore_std": 0.09518750172673973, "ref_clipscore": 0.7660435267857143, "ref_clipscore_std": 0.05749570693445778}}
