{"social_media": {"bleu": [0.31874999999800785, 0.15288884851321918, 0.07941726858319617, 0.04430475829140421], "meteor": 0.17449338051906266, "rouge": 0.27730817372368743, "cider": 0.28654649499800533, "spice": 0.14526984126984127}, "news": {"bleu": [0.3333333333306233, 0.16951587590378286, 0.08078698825869071, 8.479222283903514e-06], "meteor": 0.18417485632126956, "rouge": 0.28778582090552174, "cider": 0.24659560904113406, "spice": 0.192797118847539}, "shopping": {"bleu": [0.4109589041077125, 0.2796112044592181, 0.20484798170038665, 0.14845008493833256], "meteor": 0.19611931342147193, "rouge": 0.42850420823268603, "cider": 0.8437277242979254, "spice": 0.25308474073728}, "science_journals": {"bleu": [0.4104046242750844, 0.2943965005495393, 0.1962791296279678, 0.12189627902688872], "meteor": 0.22580122401111333, "rouge": 0.4140919683551115, "cider": 0.9226828006951173, "spice": 0.3134345719639837}, "travel": {"bleu": [0.4190476190436281, 0.2850332018209151, 0.22045007561668586, 0.16632237588151239], "meteor": 0.24512811657753986, "rouge": 0.3723798950696398, "cider": 0.7753190443218452, "spice": 0.3240048172378999}, "health": {"bleu": [0.5079365079338205, 0.3643571499980151, 0.26167559662989875, 0.19851139468218618], "meteor": 0.236116206159255, "rouge": 0.4555603420523528, "cider": 1.003967259996219, "spice": 0.2576488888229779}}