{"bleu": [0.4055727554175381, 0.2667895717968669, 0.18334862687825138, 0.12802781244454106], "meteor": 0.21200084728080962, "rouge": 0.38547124970257995, "cider": 0.7414620401723572, "spice": 0.24958966276007813, "bertscore_avg_precision": 0.8903382477306184, "bertscore_avg_recall": 0.9107508205232167, "bertscore_avg_f1": 0.8983983624549139, "full_bertscore": {"precision": [0.8906201124191284, 0.8711879253387451, 0.836727499961853, 0.8241090774536133, 0.8759067058563232, 0.9188854694366455, 0.8862589597702026, 0.8632457256317139, 1.0, 0.8509752750396729, 0.942925751209259, 0.854138195514679, 0.8910880088806152, 0.8562794923782349, 0.9119475483894348, 0.9139115810394287, 0.9066007137298584, 0.9620787501335144, 0.922118604183197, 0.9043392539024353, 0.8710710406303406, 0.8856109380722046, 0.8889484405517578, 0.8875491619110107, 0.9134736061096191, 0.870649516582489, 0.9177900552749634, 0.8681787252426147, 0.8953105211257935, 0.8772270679473877, 0.8543809652328491, 0.938357412815094, 0.8772823810577393, 0.8907588720321655, 0.8786302804946899, 0.9011802673339844, 0.9076941013336182, 0.9127742648124695, 0.8849549293518066, 0.8837020397186279, 0.8536016941070557, 0.8906006813049316, 0.9350185394287109, 0.9155536890029907, 0.891882061958313, 0.9153957366943359, 0.8747743368148804, 0.8292044401168823, 0.871501088142395, 0.9154768586158752, 0.8872257471084595, 0.9027391672134399, 0.8769274950027466, 0.8619369864463806, 0.8934963941574097, 0.8761974573135376, 0.8672264218330383, 0.861748456954956, 0.8543704748153687, 0.8536479473114014, 0.922118604183197, 0.9631953835487366, 0.8886007070541382], "recall": [0.9129319190979004, 0.8910785913467407, 0.894019365310669, 0.8908752202987671, 0.8777213096618652, 0.9355863928794861, 0.9343721866607666, 0.898719310760498, 1.0, 0.8452684879302979, 0.9830967783927917, 0.8810816407203674, 0.9256938695907593, 0.8889355659484863, 0.933968186378479, 0.9099322557449341, 0.9196627140045166, 0.9499022960662842, 0.8918399214744568, 0.9569854140281677, 0.8767097592353821, 0.8837789297103882, 0.918122410774231, 0.872530460357666, 0.939091682434082, 0.8811691999435425, 0.9155377149581909, 0.8966550827026367, 0.9126172065734863, 0.9052913188934326, 0.8822024464607239, 0.9570629000663757, 0.8776204586029053, 0.8997084498405457, 0.9121760129928589, 0.9306003451347351, 0.9122707843780518, 0.9432230591773987, 0.9468151926994324, 0.9019028544425964, 0.9103072285652161, 0.9184231162071228, 0.96254563331604, 0.936599612236023, 0.8934009075164795, 0.9173367619514465, 0.9432152509689331, 0.8360146880149841, 0.9436039924621582, 0.9526188969612122, 0.9141116142272949, 0.8894324898719788, 0.8742260932922363, 0.8594900369644165, 0.9059625864028931, 0.8848880529403687, 0.9447855949401855, 0.8792897462844849, 0.8391780853271484, 0.9341295957565308, 0.8918399214744568, 0.9631953835487366, 0.8959487080574036], "f1": [0.8961458206176758, 0.8810210227966309, 0.8644251823425293, 0.8561925292015076, 0.8768130540847778, 0.9271606802940369, 0.9096798300743103, 0.8725189566612244, 1.0, 0.8434068560600281, 0.962592363357544, 0.8669232726097107, 0.9055681228637695, 0.8706737160682678, 0.9196875691413879, 0.9119175672531128, 0.9130849838256836, 0.9559517502784729, 0.906726598739624, 0.9289120435714722, 0.8738812804222107, 0.88469398021698, 0.9032999277114868, 0.8799757361412048, 0.9261054992675781, 0.875877857208252, 0.9166625142097473, 0.8773649334907532, 0.8918926119804382, 0.8910382986068726, 0.8680688142776489, 0.9474756717681885, 0.8774513602256775, 0.8858198523521423, 0.8934953212738037, 0.9156540036201477, 0.9021507501602173, 0.913896918296814, 0.9148405194282532, 0.8809918165206909, 0.8810429573059082, 0.904297947883606, 0.9485824108123779, 0.9259570837020874, 0.891798198223114, 0.9163652658462524, 0.9077064990997314, 0.832595705986023, 0.905354380607605, 0.9336786270141602, 0.9004680514335632, 0.8960363864898682, 0.8726812601089478, 0.8512440919876099, 0.8996862769126892, 0.875530481338501, 0.903568685054779, 0.8704307675361633, 0.8467060923576355, 0.8920772075653076, 0.906726598739624, 0.9631953835487366, 0.8833268880844116], "hashcode": "roberta-large_L17_no-idf_version=0.3.12(hug_trans=4.34.0)"}}