{"travel": {"bleu": [0.19783197831974195, 0.12220104903816825, 0.07701714656664078, 0.05004653934198541], "meteor": 0.1785074186513197, "rouge": 0.28902858027501804, "cider": 0.2916600767419724, "spice": 0.19424771086691045, "clipscore": 0.7860514322916666, "clipscore_std": 0.11810971245805303, "ref_clipscore": 0.7514750162760416, "ref_clipscore_std": 0.06585633885811634}, "shopping": {"bleu": [0.2078175895765021, 0.12594374231792504, 0.0776221165106636, 0.0487355016215705], "meteor": 0.17556817738512046, "rouge": 0.30326761529361446, "cider": 0.32126518023741574, "spice": 0.18086524498299164, "clipscore": 0.7721719547193877, "clipscore_std": 0.10954173725859645, "ref_clipscore": 0.7456154336734694, "ref_clipscore_std": 0.0853018379718586}, "social_media": {"bleu": [0.1975033437360237, 0.12521073806965283, 0.08225456791835549, 0.054650564123134446], "meteor": 0.17945293329924045, "rouge": 0.28781214734025273, "cider": 0.23748185179087816, "spice": 0.18517620933112824, "clipscore": 0.7991171077806123, "clipscore_std": 0.07191972252479295, "ref_clipscore": 0.7440409757653061, "ref_clipscore_std": 0.0813623546551403}, "health": {"bleu": [0.22541306058217436, 0.14022900745275466, 0.08976744870134902, 0.059241647613786724], "meteor": 0.1864686797512937, "rouge": 0.3139687824612136, "cider": 0.2635896241444752, "spice": 0.2016397089889839, "clipscore": 0.7911783854166666, "clipscore_std": 0.0871473834940111, "ref_clipscore": 0.7537051930147058, "ref_clipscore_std": 0.06127378874709781}, "news": {"bleu": [0.17371937639194993, 0.1026421404547338, 0.06207247240395023, 0.03831839843398906], "meteor": 0.1632501957803727, "rouge": 0.2411697872162552, "cider": 0.11186656743563293, "spice": 0.16904162104929568, "clipscore": 0.788726806640625, "clipscore_std": 0.10521040729880005, "ref_clipscore": 0.76068115234375, "ref_clipscore_std": 0.07774768153154997}, "science_journals": {"bleu": [0.17923497267756297, 0.11449486256560258, 0.07513952302619151, 0.050109562229761186], "meteor": 0.17002603575183345, "rouge": 0.25509335880860484, "cider": 0.165388706130353, "spice": 0.17670601757455257, "clipscore": 0.8066007653061225, "clipscore_std": 0.07711511950475282, "ref_clipscore": 0.7640605070153061, "ref_clipscore_std": 0.06506061216104365}}
