{"bleu": [0.37728937728928513, 0.24750433125379961, 0.1658421602371727, 0.11398174987513149], "meteor": 0.2102486388338129, "rouge": 0.37279751023517343, "cider": 0.47104434922477456, "spice": 0.23444032607499132, "bertscore_avg_precision": 0.8861166176752807, "bertscore_avg_recall": 0.9116330713168528, "bertscore_avg_f1": 0.8961976531943584, "full_bertscore": {"precision": [0.80208420753479, 0.8560582995414734, 0.8308812379837036, 0.8259139060974121, 0.8631398677825928, 0.8700740933418274, 0.8825041651725769, 0.8735756874084473, 0.9943495988845825, 0.8671377301216125, 0.942925751209259, 0.8683302402496338, 0.9149413108825684, 0.8661161661148071, 0.9006316065788269, 0.862144410610199, 0.9251267910003662, 0.9620785117149353, 0.922118604183197, 0.9171580672264099, 0.874525785446167, 0.8764030337333679, 0.9043156504631042, 0.8843290209770203, 0.9004923701286316, 0.8611576557159424, 0.9174364805221558, 0.880943775177002, 0.88783860206604, 0.8401896953582764, 0.8933289051055908, 0.9082297086715698, 0.854198157787323, 0.8822610974311829, 0.8972960710525513, 0.8525440692901611, 0.874323308467865, 0.9099646210670471, 0.8788643479347229, 0.8881603479385376, 0.8255311250686646, 0.9198532700538635, 0.9200704097747803, 0.87385094165802, 0.891882061958313, 0.9032332897186279, 0.9399979114532471, 0.8337873220443726, 0.8691096305847168, 0.8848980665206909, 0.9030998945236206, 0.9243813157081604, 0.8696013689041138, 0.8644353747367859, 0.8843088150024414, 0.8764528632164001, 0.87968909740448, 0.8747127056121826, 0.858299970626831, 0.8327165842056274, 0.922118604183197, 0.9631953835487366, 0.8879186511039734, 0.8791332244873047, 0.8504178524017334, 0.8890435695648193, 0.8651340007781982, 0.8788438439369202, 0.8915645480155945, 0.8939286470413208, 0.845896303653717, 0.9036744832992554, 0.8387636542320251, 0.91334068775177, 0.9288601875305176, 0.9577115774154663, 0.8732002973556519, 0.8820176124572754, 0.8870100975036621, 0.8540040254592896, 0.9254719614982605, 0.9103959202766418, 0.9085943698883057, 0.8757771253585815, 0.9165722131729126, 0.8895062208175659, 0.9040814638137817, 0.8599117994308472, 1.0, 0.8523210287094116, 0.8777028322219849, 0.8650009632110596, 0.8813912868499756, 0.8806818723678589, 0.8441826701164246, 0.9000877737998962, 0.8775116205215454, 0.8640305995941162, 0.8765013217926025, 0.8640473484992981, 0.8651955723762512, 0.9101690053939819, 0.8985162377357483, 0.8909933567047119, 0.8912160396575928, 0.9049838781356812, 0.8985123038291931, 0.9123055338859558, 0.8692153096199036, 0.8501542806625366, 0.9117177724838257, 0.9189634323120117, 0.8708094954490662, 0.9162662625312805, 0.8623173236846924, 0.8725719451904297, 0.8511799573898315, 0.8505067229270935, 0.8697445392608643, 0.8738201856613159, 0.8886784315109253, 0.8703734278678894, 0.8316010236740112, 0.9003256559371948, 0.8958925008773804, 0.8759362697601318, 0.9080333709716797, 0.9360867142677307, 0.8979751467704773, 0.9000877737998962, 0.8945333361625671, 0.8840895891189575, 0.8912160396575928, 0.8703734278678894, 0.8646755218505859, 0.8858970999717712, 0.8691016435623169, 0.8678615689277649, 0.9700354337692261, 0.8437014222145081, 0.8793469667434692, 0.8997357487678528, 0.9023652672767639, 0.9133645296096802, 0.9571950435638428, 0.9404462575912476, 0.8958437442779541, 0.8815208673477173, 0.8552087545394897, 0.8888347148895264, 0.8945035934448242, 0.9908655881881714, 0.9000354409217834, 0.8921225666999817, 0.8536868691444397, 0.9253726005554199, 0.8901948928833008, 0.8672753572463989, 0.8581080436706543, 0.9070687890052795, 0.890697181224823, 0.8667668104171753, 0.8857080936431885, 0.9055246710777283, 0.921628475189209, 0.8540152311325073, 0.8752652406692505, 0.8463883399963379, 0.8849371671676636, 0.8341939449310303, 0.8766391277313232, 0.8443379402160645, 0.8787703514099121, 0.870238184928894, 0.9114950299263, 0.8519749045372009, 0.896903395652771, 0.8787975907325745, 0.8352560997009277, 0.9058426022529602, 0.8830030560493469, 0.876386821269989, 0.8998599052429199, 0.8424012660980225, 0.8902069926261902, 0.9367364048957825, 0.8733354210853577, 0.9398010969161987, 0.87318354845047, 0.8417776226997375, 0.8593627214431763, 0.8598493933677673, 0.9357545971870422, 0.8889223337173462, 0.9065276384353638, 0.8469209671020508, 0.8774290084838867, 0.8668360710144043, 0.8895295858383179, 0.854498028755188, 0.8601678609848022, 0.8418146371841431, 0.9113602638244629, 0.8540812730789185, 0.8794428706169128, 0.8960452675819397, 0.8819519877433777, 0.8909982442855835, 0.8637291789054871, 0.876717209815979, 0.8914834260940552, 0.975502073764801, 0.8716638684272766, 0.8614596128463745, 0.8751878142356873, 0.9078174829483032, 0.9015402793884277, 0.8760242462158203, 0.9146225452423096, 0.9262858629226685, 0.8638908267021179],