{"travel": {"bleu": [0.26577567247500156, 0.16434692510293714, 0.10533090095531553, 0.06926470730828277], "meteor": 0.19191363504949174, "rouge": 0.35058837863401743, "cider": 0.39418552244127125, "spice": 0.21271783845322362, "clipscore": 0.7064689867424242, "clipscore_std": 0.10833817681545502, "ref_clipscore": 0.7474180279356061, "ref_clipscore_std": 0.0716174634530585}, "shopping": {"bleu": [0.26494661921703466, 0.1666372492747247, 0.10920102767510975, 0.07509385406790088], "meteor": 0.18099508188837077, "rouge": 0.36196168642018434, "cider": 0.5057097970965275, "spice": 0.1895964120894767, "clipscore": 0.7305575284090909, "clipscore_std": 0.10018566189322689, "ref_clipscore": 0.7612970525568182, "ref_clipscore_std": 0.06404114577284696}, "social_media": {"bleu": [0.23784639746631228, 0.14519434486346347, 0.09122378459106328, 0.05796712178758606], "meteor": 0.17730482118589536, "rouge": 0.34776143664948495, "cider": 0.4468073890254841, "spice": 0.19205484982179669, "clipscore": 0.7208658854166666, "clipscore_std": 0.09526814646161, "ref_clipscore": 0.7560739228219697, "ref_clipscore_std": 0.055242725701827616}, "health": {"bleu": [0.2686226816661191, 0.17026147505416755, 0.11233723765756118, 0.07707943703268823], "meteor": 0.1929285494718561, "rouge": 0.36532633871527254, "cider": 0.4974389287812678, "spice": 0.22536686428126682, "clipscore": 0.7710330847537878, "clipscore_std": 0.09783812485753544, "ref_clipscore": 0.7706779711174242, "ref_clipscore_std": 0.0661736966412489}, "news": {"bleu": [0.2329249617151251, 0.1450788738473444, 0.09578159324716923, 0.06661738293392074], "meteor": 0.1854887825374984, "rouge": 0.33786877386796355, "cider": 0.4048900283815327, "spice": 0.19114132101797487, "clipscore": 0.7271913470643939, "clipscore_std": 0.09895833692845175, "ref_clipscore": 0.7600911458333334, "ref_clipscore_std": 0.06369876458072897}, "science_journals": {"bleu": [0.23637770897829158, 0.14708172632554, 0.09509309234925792, 0.06308130404133182], "meteor": 0.17607736025605916, "rouge": 0.3310848443756244, "cider": 0.45978616602036426, "spice": 0.1883467337099085, "clipscore": 0.7137784090909091, "clipscore_std": 0.09978409163218689, "ref_clipscore": 0.7538840553977273, "ref_clipscore_std": 0.06672601975573407}}