{"travel": {"bleu": [0.44868735083496525, 0.3239414395490311, 0.23780736047271755, 0.17500281865570871], "meteor": 0.21265973578383005, "rouge": 0.4604919032524936, "cider": 0.9564744123016726, "spice": 0.25638360181593073}, "shopping": {"bleu": [0.43224299065386895, 0.3000337511809906, 0.21845431347283514, 0.16535839826655724], "meteor": 0.20788758911496763, "rouge": 0.43015727499615397, "cider": 0.870617814285742, "spice": 0.23428367707168776}, "social_media": {"bleu": [0.47229551451145796, 0.34045020021561817, 0.2474733619262587, 0.18263270287048283], "meteor": 0.20218170523620682, "rouge": 0.4557614059002628, "cider": 0.9999177478045458, "spice": 0.23737872984158584}, "health": {"bleu": [0.5385281385276722, 0.3823820771269845, 0.27955107517150124, 0.20271378583011174], "meteor": 0.2065154215264185, "rouge": 0.46289780307857287, "cider": 0.898879934914756, "spice": 0.21929986322749404}, "news": {"bleu": [0.3532501641494726, 0.23800979134781783, 0.16410845079543843, 0.1150050915716132], "meteor": 0.19148894472791636, "rouge": 0.41927173748288055, "cider": 0.8841343011776442, "spice": 0.22370886988773228}, "science_journals": {"bleu": [0.40856777493580015, 0.2944338878692669, 0.21876267327920892, 0.16318255034194815], "meteor": 0.20987271544207883, "rouge": 0.43521290953235553, "cider": 0.999914139080467, "spice": 0.2599224978990401}}