{"bleu": [0.26188068756312893, 0.17078102645105905, 0.11408915368253807, 0.07938299223284068], "meteor": 0.19923438468320723, "rouge": 0.352371653272408, "cider": 0.5866885038368113, "spice": 0.21533077839428955, "bertscore_avg_precision": 0.8848885068150817, "bertscore_avg_recall": 0.9156957591166262, "bertscore_avg_f1": 0.8974794681932106, "full_bertscore": {"precision": [0.8405928611755371, 0.8647000789642334, 0.8084405660629272, 0.8278502225875854, 0.8518016338348389, 0.8995166420936584, 0.8386965990066528, 0.8283637166023254, 0.9999999403953552, 0.8730389475822449, 1.0, 0.8402097225189209, 0.8714754581451416, 0.899316668510437, 0.8802911639213562, 0.8563648462295532, 0.9251267910003662, 0.9620786905288696, 0.922118604183197, 0.98763108253479, 0.8880159854888916, 0.9076930284500122, 0.8463519811630249, 0.8639793395996094, 0.8561441898345947, 0.8748980760574341, 0.9177900552749634, 0.844569206237793, 0.8847487568855286, 0.8571750521659851, 0.8689951300621033, 0.8910141587257385, 0.8574314117431641, 0.901823103427887, 0.8833065032958984, 0.9229385852813721, 0.8780231475830078, 0.887721598148346, 0.8785721659660339, 0.8858495950698853, 0.8648936748504639, 0.9068845510482788, 0.8896947503089905, 0.8615580201148987, 0.8918819427490234, 0.8978810906410217, 0.8618260622024536, 0.8457931280136108, 0.8954166173934937, 0.8904153108596802, 0.8639065623283386, 0.9147878289222717, 0.8614808917045593, 0.8672274947166443, 0.8667691349983215, 0.9004483222961426, 0.8853211998939514, 0.8700023889541626, 0.8885388374328613, 0.865154504776001, 0.922118604183197, 1.0, 0.8632259368896484, 0.8791332244873047, 0.8865243196487427, 0.8421257734298706, 0.8970626592636108, 0.882051408290863, 0.9222081899642944, 0.9160662889480591, 0.8465241193771362, 0.9036744832992554, 0.8652481436729431, 0.8946694135665894, 0.9573918581008911, 0.9577116370201111, 0.8359696269035339, 0.9284681677818298, 0.8885059356689453, 0.8540039658546448, 0.9147254228591919, 0.8614189624786377, 0.8769101500511169, 0.8625961542129517, 0.8443264961242676, 0.9110866189002991, 0.9004974365234375, 0.8751810193061829, 1.0, 0.8528780341148376, 0.9147621393203735, 0.8732748627662659, 0.8790160417556763, 0.9559090733528137, 0.8601481914520264, 0.8841262459754944, 0.8879345059394836, 0.8464728593826294, 0.8940106630325317, 0.8781325221061707, 0.8697498440742493, 0.9054979085922241, 0.9162018299102783, 0.8521039485931396, 0.8903841972351074, 0.9092156887054443, 0.9334811568260193, 0.9123055338859558, 0.8324404358863831, 0.8560784459114075, 0.9013053178787231, 0.9089171886444092, 0.9019230604171753, 0.8499715328216553, 0.8243249654769897, 0.8747386932373047, 0.8734185099601746, 0.8164893388748169, 0.8562350869178772, 0.8516013622283936, 0.8875732421875, 0.8518117666244507], "recall": [0.8999473452568054, 0.8956828117370605, 0.884124755859375, 0.8787890672683716, 0.8746562004089355, 0.918346643447876, 0.9290056228637695, 0.8780597448348999, 0.9999999403953552, 0.8499512076377869, 1.0, 0.8845073580741882, 0.9323883652687073, 0.9456928968429565, 0.9399839639663696, 0.9176590442657471, 0.9271256923675537, 0.9499022364616394, 0.891839861869812, 0.9869518876075745, 0.887451171875, 0.9463943839073181, 0.9148433208465576, 0.8821802139282227, 0.9292169809341431, 0.8966293931007385, 0.9155377149581909, 0.9029557704925537, 0.9218473434448242, 0.9297711849212646, 0.9021702408790588, 0.9460104703903198, 0.905847430229187, 0.915215253829956, 0.917420506477356, 0.9568662047386169, 0.912825882434845, 0.9382080435752869, 0.9364675879478455, 0.9064387083053589, 0.9179836511611938, 0.9344984889030457, 0.9526451826095581, 0.9086520075798035, 0.8934007883071899, 0.9190658330917358, 0.9290121793746948, 0.8941894769668579, 0.9511098265647888, 0.9302481412887573, 0.9476276636123657, 0.8885436654090881, 0.8752219080924988, 0.8866477608680725, 0.9063260555267334, 0.8882344961166382, 0.955540657043457, 0.9199492931365967, 0.8744016885757446, 0.9394207000732422, 0.891839861869812, 1.0, 0.8850966095924377, 0.8952209949493408, 0.9612319469451904, 0.9349901080131531, 0.9069275856018066, 0.9084577560424805, 0.8996537327766418, 0.9448220133781433, 0.8844531774520874, 0.912330150604248, 0.8974463939666748, 0.8983351588249207, 0.9595382213592529, 0.9385253190994263, 0.8681659698486328, 0.9323071837425232, 0.9075464010238647, 0.8756942749023438, 0.910444974899292, 0.9308048486709595, 0.9427490830421448, 0.8862294554710388, 0.8804780840873718, 0.9047034978866577, 0.9259543418884277, 0.9191811084747314, 1.0, 0.905474066734314, 0.9492762088775635, 0.955375611782074, 0.9400385618209839, 0.8949223756790161, 0.9172427654266357, 0.9675688147544861, 0.9239400625228882, 0.8781305551528931, 0.9772802591323853, 0.9311339855194092, 0.888647735118866, 0.9841290712356567, 0.9117594957351685, 0.9043130278587341, 0.9548534154891968, 0.901698887348175, 0.8791017532348633, 0.9113911390304565, 0.9251077175140381, 0.8896062970161438, 0.899052619934082, 0.916263222694397, 0.8519655466079712, 0.8728901743888855, 0.8702841997146606, 0.8972521424293518, 0.8741475939750671, 0.8696724772453308, 0.9049155712127686, 0.8883581161499023, 0.9298152923583984, 0.8845136761665344], "f1": [0.8692580461502075, 0.8799187541007996, 0.8445905447006226, 0.8525594472885132, 0.862612783908844, 0.9088341593742371, 0.881544291973114, 0.8472647666931152, 0.9999999403953552, 0.8572929501533508, 1.0, 0.8605180382728577, 0.9009035229682922, 0.9219219088554382, 0.9091588258743286, 0.8859530687332153, 0.926125168800354, 0.9559517502784729, 0.906726598739624, 0.985439121723175, 0.8877334594726562, 0.9266398549079895, 0.8785879611968994, 0.8729848861694336, 0.8911852240562439, 0.8856304287910461, 0.9166625142097473, 0.8653488159179688, 0.8904345035552979, 0.8919984698295593, 0.8852720260620117, 0.9146087765693665, 0.8809747099876404, 0.8995409607887268, 0.8894535303115845, 0.9395962357521057, 0.8853594064712524, 0.9094125032424927, 0.9037609100341797, 0.8869527578353882, 0.8906481862068176, 0.9204845428466797, 0.9200944900512695, 0.8844785690307617, 0.8917980790138245, 0.9083499312400818, 0.8941588401794434, 0.8693182468414307, 0.9207854866981506, 0.9098960161209106, 0.9038324952125549, 0.9014748334884644, 0.8652408123016357, 0.8659669756889343, 0.8847173452377319, 0.8921381235122681, 0.9100781083106995, 0.8942789435386658, 0.8787586092948914, 0.9007593989372253, 0.906726598739624, 1.0, 0.8740244507789612, 0.8871042132377625, 0.9223678708076477, 0.8804771900177002, 0.9019681215286255, 0.8950598239898682, 0.8973367214202881, 0.9065439701080322, 0.8643231391906738, 0.9079816937446594, 0.8810531497001648, 0.893687903881073, 0.9584638476371765, 0.948021411895752, 0.8501260280609131, 0.9260674715042114, 0.8943300843238831, 0.8647131323814392, 0.900920569896698, 0.8947687745094299, 0.9034518003463745, 0.8704788088798523, 0.8620234131813049, 0.9041780233383179, 0.9107705354690552, 0.8829079270362854, 1.0, 0.8783894181251526, 0.9316996335983276, 0.8965405225753784, 0.9085037708282471, 0.924410879611969, 0.8877784609794617, 0.9238860607147217, 0.9055795073509216, 0.8613062500953674, 0.933792769908905, 0.9030205607414246, 0.8738769888877869, 0.9431774616241455, 0.9139752388000488, 0.8774293065071106, 0.9214925765991211, 0.9054417014122009, 0.9054757356643677, 0.9118481278419495, 0.8763311505317688, 0.8710725903511047, 0.8918604254722595, 0.9125754833221436, 0.8762328028678894, 0.8513337969779968, 0.8466813564300537, 0.8808253407478333, 0.8737829327583313, 0.8370142579078674, 0.8737820386886597, 0.8695915341377258, 0.9051911234855652, 0.8627489805221558], "hashcode": "roberta-large_L17_no-idf_version=0.3.12(hug_trans=4.34.0)"}}