{"social_media": {"bleu": [0.18918918918867786, 0.11230588859246646, 0.06318466455566131, 0.04150534534046557], "meteor": 0.17168223358572826, "rouge": 0.2748470499221689, "cider": 0.48558258900824924, "spice": 0.19583419958789722}, "news": {"bleu": [0.24230769230676036, 0.14515589589661199, 0.08432262114719634, 0.04732777603919386], "meteor": 0.1756239790783753, "rouge": 0.25887893666449985, "cider": 0.06400480461363055, "spice": 0.14482491464501906}, "shopping": {"bleu": [0.3109919571037239, 0.20177914775195438, 0.13532693806027907, 0.0906028419640133], "meteor": 0.22624974164457412, "rouge": 0.46250067327927447, "cider": 0.8618159346067962, "spice": 0.22525953141542918}, "science_journals": {"bleu": [0.28124999999920103, 0.19078013215038658, 0.13257773054510935, 0.09025926488616107], "meteor": 0.2257228566932841, "rouge": 0.47731347970810417, "cider": 2.2747583162310656, "spice": 0.3630356323131259}, "travel": {"bleu": [0.3291925465818063, 0.21685826397497143, 0.16483681641339934, 0.12648270688171903], "meteor": 0.25463350048057104, "rouge": 0.3347842910610062, "cider": 0.30144643018760986, "spice": 0.26371946766683607}, "health": {"bleu": [0.36991869918548814, 0.2672892171290439, 0.19259911742128513, 0.14554053639689174], "meteor": 0.21809207110128886, "rouge": 0.4254315941767957, "cider": 0.9270647826841956, "spice": 0.20031684894737173}}