{"bleu": [0.27922814982958044, 0.18310406823154812, 0.12353788782157583, 0.08569807696238359], "meteor": 0.2112710817892117, "rouge": 0.3910713492064391, "cider": 0.9473970618606884, "spice": 0.23702115453890968, "bertscore_avg_precision": 0.8943942983945211, "bertscore_avg_recall": 0.9185991712978908, "bertscore_avg_f1": 0.9040387954030719, "full_bertscore": {"precision": [0.8391237258911133, 0.8754964470863342, 0.874939501285553, 0.849448025226593, 0.8561050891876221, 0.8939468860626221, 0.8788893222808838, 0.8439911007881165, 1.0, 0.8715558648109436, 1.0, 0.830008327960968, 0.8658331632614136, 0.8574193716049194, 0.8803708553314209, 0.8678013682365417, 0.9251267910003662, 0.9620787501335144, 0.9250199198722839, 0.8953210115432739, 0.8862890601158142, 0.9121742248535156, 0.8580328226089478, 0.8838844299316406, 0.8776389360427856, 0.9010792374610901, 0.9177900552749634, 0.8528317213058472, 0.9056980609893799, 0.8276685476303101, 0.8883676528930664, 0.9357659220695496, 0.8805240392684937, 0.9275256395339966, 0.8735508918762207, 0.8953689336776733, 0.9230241775512695, 0.9081014394760132, 0.9176807999610901, 0.8919978141784668, 0.8760893940925598, 0.8797265291213989, 0.9448648691177368, 0.9397968053817749, 0.891882061958313, 0.9257822036743164, 0.9399979114532471, 0.8265243768692017, 0.8883509039878845, 0.8925638198852539, 0.9232988357543945, 0.9027391672134399, 0.8683210611343384, 0.8846499919891357, 0.8419537544250488, 0.8872389793395996, 0.879140317440033, 0.8766759634017944, 0.8860557079315186, 0.9623744487762451, 0.9250199198722839, 1.0, 0.8463238477706909], "recall": [0.8985546231269836, 0.8912640810012817, 0.8969482779502869, 0.9086747169494629, 0.8821244239807129, 0.9190084338188171, 0.9259079098701477, 0.8896492719650269, 1.0, 0.848888635635376, 1.0, 0.8745834827423096, 0.9251246452331543, 0.8939684629440308, 0.939572811126709, 0.8967370390892029, 0.9271256327629089, 0.9499022960662842, 0.8834802508354187, 0.9638787508010864, 0.8870744705200195, 0.9294474720954895, 0.8971698880195618, 0.8690739870071411, 0.9372830390930176, 0.889496922492981, 0.9155377149581909, 0.8897208571434021, 0.918002724647522, 0.8912441730499268, 0.9506491422653198, 0.9585306644439697, 0.911078155040741, 0.9442934393882751, 0.9172468185424805, 0.9483997821807861, 0.916645884513855, 0.9427366256713867, 0.9602401256561279, 0.9037908315658569, 0.8844500184059143, 0.9280128479003906, 0.954331636428833, 0.9274374842643738, 0.8934009075164795, 0.9244094491004944, 0.9716702699661255, 0.8895696997642517, 0.9490235447883606, 0.9541045427322388, 0.9540243148803711, 0.8894324898719788, 0.8924344182014465, 0.9029831886291504, 0.8856921792030334, 0.8928450345993042, 0.9573202133178711, 0.9310412406921387, 0.8645564317703247, 0.9607216119766235, 0.8834802508354187, 1.0, 0.8877495527267456], "f1": [0.8678228855133057, 0.8833098411560059, 0.8854917287826538, 0.8780637979507446, 0.8689200282096863, 0.9063043594360352, 0.8968046307563782, 0.8593331575393677, 1.0, 0.8567115664482117, 1.0, 0.845145046710968, 0.8924505114555359, 0.8686270117759705, 0.9090089201927185, 0.8820319771766663, 0.9261251091957092, 0.9559517502784729, 0.9037730097770691, 0.9283358454704285, 0.8866815567016602, 0.9207298755645752, 0.8771649599075317, 0.8764166235923767, 0.9064809083938599, 0.8952506184577942, 0.9166625142097473, 0.8628190159797668, 0.8946536779403687, 0.8582806587219238, 0.9139272570610046, 0.9457825422286987, 0.8955405950546265, 0.9339892268180847, 0.8843421936035156, 0.9211217164993286, 0.9159715175628662, 0.9215214252471924, 0.9384782314300537, 0.8916565775871277, 0.8802498579025269, 0.9022315144538879, 0.9479132890701294, 0.9335762858390808, 0.891798198223114, 0.9250953793525696, 0.9555717706680298, 0.8566584587097168, 0.9158509373664856, 0.9223088026046753, 0.9384101629257202, 0.8960363864898682, 0.8765283823013306, 0.8755594491958618, 0.8632693290710449, 0.885951578617096, 0.9165661334991455, 0.9030411243438721, 0.8751740455627441, 0.9586076736450195, 0.9037730097770691, 1.0, 0.8585894703865051], "hashcode": "roberta-large_L17_no-idf_version=0.3.12(hug_trans=4.34.0)"}}