{"travel": {"bleu": [0.01542145967514759, 0.00832362216655136, 0.003810662395940811, 4.657282627995244e-07], "meteor": 0.008070323360232088, "rouge": 0.018889688674060972, "cider": 0.0038406389668190354, "clipscore": 0.5650111607142857, "clipscore_std": 0.06500597757134591, "ref_clipscore": 0.6860525948660714, "ref_clipscore_std": 0.03763805638275412}, "shopping": {"bleu": [0.010015506228868086, 1.0173516958273962e-10, 2.2271483189897325e-13, 1.0507861161654362e-14], "meteor": 0.004333244104750364, "rouge": 0.009651930099105298, "cider": 0.0036386285090394435, "clipscore": 0.5279043692129629, "clipscore_std": 0.02460014935649708, "ref_clipscore": 0.6624529803240741, "ref_clipscore_std": 0.022685406050179956}, "social_media": {"bleu": [6.464685821299652e-07, 3.945836953859416e-07, 2.6945578372488734e-07, 2.0502468882903268e-07], "meteor": 0.009676232417089209, "rouge": 0.023503366622795126, "cider": 0.036645806260391156, "clipscore": 0.5315871465773809, "clipscore_std": 0.03941444441006906, "ref_clipscore": 0.6650158110119048, "ref_clipscore_std": 0.03424256685260988}, "health": {"bleu": [0.008160948762856947, 0.0027676296491809765, 1.950783206275736e-08, 5.2125318974850605e-11], "meteor": 0.0038344105722598527, "rouge": 0.008527692387581704, "cider": 0.0077172627611846786, "clipscore": 0.5447319878472222, "clipscore_std": 0.07395726393681183, "ref_clipscore": 0.6687554253472222, "ref_clipscore_std": 0.04792627953809385}, "news": {"bleu": [6.41637597497876e-08, 4.3715772102668155e-08, 3.018815136026411e-08, 2.2078700802694064e-08], "meteor": 0.005273458181506638, "rouge": 0.009073135598782825, "cider": 0.009893254535828972, "clipscore": 0.5395914713541666, "clipscore_std": 0.03113699720703223, "ref_clipscore": 0.6654256184895834, "ref_clipscore_std": 0.03042335035102103}, "science_journals": {"bleu": [9.271592629465313e-08, 5.5683908066798906e-08, 3.598258535162674e-08, 5.63216871370131e-12], "meteor": 0.0031232503080162507, "rouge": 0.014871169987503341, "cider": 0.0137098242038379, "clipscore": 0.5685492621527778, "clipscore_std": 0.04978637062990839, "ref_clipscore": 0.684814453125, "ref_clipscore_std": 0.025540034538092345}}