{"bleu": [0.01556794157216691, 0.007156832061541599, 0.0031054196563419316, 0.0015570557983294125], "meteor": 0.02500376240631499, "rouge": 0.041167203724362965, "cider": 0.02508681042502445, "spice": 0.05566552623004236}
