{"travel": {"bleu": [0.06685808039375624, 0.043142606661821126, 0.028432597627580294, 0.01889149120415796], "meteor": 0.08266819456342012, "rouge": 0.2343557509194463, "cider": 0.3181111845912181, "clipscore": 0.64178466796875, "clipscore_std": 0.1133256764043433, "ref_clipscore": 0.7069091796875, "ref_clipscore_std": 0.07799220379181968}, "shopping": {"bleu": [0.048254328697128555, 0.02655084227117637, 0.015794441032493185, 0.010265352127546824], "meteor": 0.06829634873108549, "rouge": 0.14995981425038812, "cider": 0.1859456069734608, "clipscore": 0.6664586950231481, "clipscore_std": 0.12323815706167042, "ref_clipscore": 0.7027633101851852, "ref_clipscore_std": 0.05674476337477363}, "social_media": {"bleu": [0.045374244537420234, 0.02859558408645847, 0.019314088547714225, 0.013193340662275356], "meteor": 0.06762841269471564, "rouge": 0.17707477124441076, "cider": 0.245518271833361, "clipscore": 0.6457170758928571, "clipscore_std": 0.14826674974547063, "ref_clipscore": 0.6806640625, "ref_clipscore_std": 0.07958820329068228}, "health": {"bleu": [0.0467339352097675, 0.025605399396132114, 0.014906367112488274, 0.009125794556488088], "meteor": 0.06394336674262227, "rouge": 0.15734564479360985, "cider": 0.13591084881499235, "clipscore": 0.6979166666666666, "clipscore_std": 0.12773903706345216, "ref_clipscore": 0.71923828125, "ref_clipscore_std": 0.07760770990189637}, "news": {"bleu": [0.052144301372773, 0.030688092875881545, 0.019180450606128118, 0.012132069865193357], "meteor": 0.06909877826415174, "rouge": 0.17539608815396435, "cider": 0.27854811019991704, "clipscore": 0.6735738118489584, "clipscore_std": 0.13469774460916148, "ref_clipscore": 0.7201334635416666, "ref_clipscore_std": 0.07677445256929544}, "science_journals": {"bleu": [0.05267771057936255, 0.03336865488862822, 0.02245831718929619, 0.01495143012458707], "meteor": 0.08116622678600267, "rouge": 0.19675076811564093, "cider": 0.26018833070094716, "clipscore": 0.7215711805555556, "clipscore_std": 0.10837223082825435, "ref_clipscore": 0.7319878472222222, "ref_clipscore_std": 0.08199198577597393}}
