{"bleu": [0.43366544310412497, 0.2936787172483522, 0.20699011385697202, 0.15043851734304195], "meteor": 0.2189835068717421, "rouge": 0.4034241651893202, "cider": 0.8213640338707651, "spice": 0.2264555350363851, "bertscore_avg_precision": 0.893471182369795, "bertscore_avg_recall": 0.9141538714776274, "bertscore_avg_f1": 0.9008979948817707, "full_bertscore": {"precision": [0.8947303295135498, 0.8632829189300537, 0.8124971389770508, 0.8136129975318909, 0.8708966970443726, 0.899516761302948, 0.893156886100769, 0.8588100671768188, 1.0, 0.8730389475822449, 1.0, 0.8395875692367554, 0.9001632928848267, 0.8962740898132324, 0.9128811359405518, 0.9101459980010986, 0.9251267910003662, 0.9620787501335144, 0.922118604183197, 0.98763108253479, 0.8743928670883179, 0.890618085861206, 0.9182497262954712, 0.854711651802063, 0.9229427576065063, 0.8927148580551147, 0.9177900552749634, 0.8781518936157227, 0.8943538665771484, 0.8526375889778137, 0.8633835911750793, 0.9121812582015991, 0.8755757212638855, 0.9018231630325317, 0.8780331611633301, 0.9229385852813721, 0.8780232667922974, 0.9107829332351685, 0.862896203994751, 0.8870514035224915, 0.8588501214981079, 0.9115415215492249, 0.9273295402526855, 0.8935365080833435, 0.8918819427490234, 0.9200664758682251, 0.8618260622024536, 0.8417572379112244, 0.8954166173934937, 0.8719881772994995, 0.9135013818740845, 0.9147878289222717, 0.8756640553474426, 0.8769841194152832, 0.8839482069015503, 0.9004483222961426, 0.8932732343673706, 0.8815882802009583, 0.8885388374328613, 0.8651545643806458, 0.922118604183197, 1.0, 0.8790857791900635, 0.8791332840919495, 0.8865243196487427, 0.8678290843963623, 0.8970626592636108, 0.8754973411560059, 0.9222081899642944, 0.9160662889480591, 0.8334974050521851, 0.9036744832992554, 0.8652481436729431, 0.8853669166564941, 0.949257493019104, 0.9577115774154663, 0.8745537996292114, 0.9284681677818298, 0.8845747709274292, 0.8540039658546448, 0.8966470956802368, 0.8902810215950012, 0.8840783834457397, 0.8861547112464905, 0.8443264961242676, 0.9031171798706055, 0.911739706993103, 0.8750773072242737, 1.0, 0.8526695966720581, 0.914762020111084, 0.8794837594032288, 0.879016101360321, 0.9559091329574585, 0.8582292795181274, 0.9104169607162476, 0.8793177604675293, 0.8734548091888428, 0.9243782758712769, 0.8642818331718445, 0.8761485815048218, 0.9312314391136169, 0.9162018299102783, 0.877231240272522, 0.8938829898834229, 0.9092156291007996, 0.9334810972213745, 0.9123055338859558, 0.8821045160293579, 0.8790568113327026, 0.8982153534889221, 0.9089171886444092, 0.9019230008125305, 0.8475686311721802, 0.8893957138061523, 0.8614360094070435, 0.8734185099601746, 0.8471729755401611, 0.860356330871582, 0.8630404472351074, 0.9066281318664551, 0.8764428496360779], "recall": [0.912510871887207, 0.887959361076355, 0.8902931213378906, 0.866454005241394, 0.8840796947479248, 0.918346643447876, 0.9368333220481873, 0.8933122754096985, 1.0, 0.8499512076377869, 1.0, 0.8725042343139648, 0.9352659583091736, 0.9482388496398926, 0.9352124333381653, 0.9278680682182312, 0.9271256923675537, 0.9499022960662842, 0.891839861869812, 0.9869518876075745, 0.8839389085769653, 0.9022537469863892, 0.9196946620941162, 0.877223789691925, 0.9467523694038391, 0.8924987316131592, 0.9155377149581909, 0.8935086727142334, 0.9206657409667969, 0.8693019151687622, 0.8944613933563232, 0.9463845491409302, 0.8978501558303833, 0.915215253829956, 0.9150708913803101, 0.9568662643432617, 0.9128259420394897, 0.9403523206710815, 0.9399440884590149, 0.900885820388794, 0.9146304726600647, 0.9245942831039429, 0.9617750644683838, 0.9258880615234375, 0.8934008479118347, 0.9139922857284546, 0.9290121793746948, 0.8479576706886292, 0.9511098265647888, 0.9238466620445251, 0.9508029222488403, 0.8885436654090881, 0.8718338012695312, 0.8853352665901184, 0.9082954525947571, 0.8882344961166382, 0.954838752746582, 0.9222286939620972, 0.8744018077850342, 0.9394207000732422, 0.891839861869812, 1.0, 0.8886411786079407, 0.8952211141586304, 0.9612319469451904, 0.9385066032409668, 0.9069275856018066, 0.9024976491928101, 0.8996537327766418, 0.9448220133781433, 0.8661003112792969, 0.912330150604248, 0.8974463939666748, 0.8819888830184937, 0.9534383416175842, 0.9385253190994263, 0.8776345252990723, 0.9323071837425232, 0.9111838340759277, 0.8756942749023438, 0.905360758304596, 0.9110727906227112, 0.9499666690826416, 0.890376627445221, 0.8804780840873718, 0.9056611061096191, 0.9264886975288391, 0.9199552536010742, 1.0, 0.9048125743865967, 0.9492762088775635, 0.9533416032791138, 0.9400385618209839, 0.8949223756790161, 0.9054486155509949, 0.974223256111145, 0.9210104942321777, 0.8867719173431396, 0.9826916456222534, 0.9130069017410278, 0.8731702566146851, 0.9870119094848633, 0.9117594957351685, 0.9008982181549072, 0.9264805316925049, 0.901698887348175, 0.8791017532348633, 0.9113910794258118, 0.9235223531723022, 0.8981403708457947, 0.8986676335334778, 0.9162631034851074, 0.8519654273986816, 0.8771117329597473, 0.8965160846710205, 0.9044946432113647, 0.8741476535797119, 0.8581897616386414, 0.9063189029693604, 0.8855401873588562, 0.9375162720680237, 0.889945387840271], "f1": [0.8984934091567993, 0.8754472732543945, 0.8496179580688477, 0.8392025232315063, 0.8746912479400635, 0.9088341593742371, 0.9144738912582397, 0.8669520616531372, 1.0, 0.8572929501533508, 1.0, 0.8526822328567505, 0.9152483344078064, 0.9215244650840759, 0.9227050542831421, 0.9189215898513794, 0.926125168800354, 0.9559517502784729, 0.906726598739624, 0.985439121723175, 0.8791399598121643, 0.89639812707901, 0.918971598148346, 0.865821361541748, 0.9346959590911865, 0.8926067352294922, 0.9166625142097473, 0.8798200488090515, 0.8944827318191528, 0.8608890771865845, 0.8786478042602539, 0.9256948232650757, 0.8841540217399597, 0.899540901184082, 0.895173966884613, 0.9395962953567505, 0.8853594064712524, 0.9157097935676575, 0.899335503578186, 0.8827321529388428, 0.8858630657196045, 0.9180215001106262, 0.9442382454872131, 0.9094246625900269, 0.891798198223114, 0.9170193672180176, 0.8941588401794434, 0.8445549607276917, 0.9207854866981506, 0.8971686959266663, 0.9317789673805237, 0.9014748334884644, 0.8712365031242371, 0.867658257484436, 0.8951160907745361, 0.8921381235122681, 0.9109824895858765, 0.9014506340026855, 0.8787586688995361, 0.9007594585418701, 0.906726598739624, 1.0, 0.873789370059967, 0.8871042132377625, 0.9223678708076477, 0.901785135269165, 0.9019681215286255, 0.8884915709495544, 0.8973367214202881, 0.9065439701080322, 0.8478219509124756, 0.9079816937446594, 0.8810531497001648, 0.8815898895263672, 0.951343297958374, 0.9480213522911072, 0.876091480255127, 0.9260674715042114, 0.8947709202766418, 0.8647131323814392, 0.8865728974342346, 0.8979888558387756, 0.9072763323783875, 0.8822714686393738, 0.8620234131813049, 0.9017886519432068, 0.9185196757316589, 0.8833248615264893, 1.0, 0.8773913383483887, 0.9316995739936829, 0.9012193083763123, 0.9085038304328918, 0.9244109392166138, 0.880370557308197, 0.9412399530410767, 0.8996813297271729, 0.880062997341156, 0.9526433944702148, 0.8870112895965576, 0.8672942519187927, 0.958310604095459, 0.9139752388000488, 0.8887279629707336, 0.9098898768424988, 0.9054416418075562, 0.9054757356643677, 0.9118481278419495, 0.902338445186615, 0.8823095560073853, 0.8910083174705505, 0.912575364112854, 0.8762327432632446, 0.8515011668205261, 0.8929417133331299, 0.8824403882026672, 0.8737829327583313, 0.8374650478363037, 0.8778567910194397, 0.8711068630218506, 0.9150328040122986, 0.8822816014289856], "hashcode": "roberta-large_L17_no-idf_version=0.3.12(hug_trans=4.34.0)"}}