{"travel": {"bleu": [0.4459041731063015, 0.3185014903914879, 0.23134876907453292, 0.16528663017398762], "meteor": 0.20939098246119833, "rouge": 0.4506885436009552, "cider": 0.8781662436018974, "spice": 0.25020941636640237, "clipscore": 0.6737823486328125, "clipscore_std": 0.11187706576303538, "ref_clipscore": 0.7517598470052084, "ref_clipscore_std": 0.06636163593528764}, "shopping": {"bleu": [0.44581280788140737, 0.3097246569525839, 0.22416130028581646, 0.16647062973784682], "meteor": 0.20694800042525352, "rouge": 0.42992084988835855, "cider": 0.8380144817742249, "spice": 0.23377869702650478, "clipscore": 0.6611477598852041, "clipscore_std": 0.12269420057165115, "ref_clipscore": 0.7417789381377551, "ref_clipscore_std": 0.0753904331193959}, "social_media": {"bleu": [0.4556416881994353, 0.32533538342191504, 0.2347715718958613, 0.17286441669129404], "meteor": 0.2025200806836429, "rouge": 0.4492970186787404, "cider": 0.9570191468937953, "spice": 0.22731349585600663, "clipscore": 0.6567034040178571, "clipscore_std": 0.09913442032567475, "ref_clipscore": 0.7452068718112245, "ref_clipscore_std": 0.07167919831218611}, "health": {"bleu": [0.5341002465073672, 0.3719481966126815, 0.2667104289663461, 0.18831958986728667], "meteor": 0.21280349718210792, "rouge": 0.4624099511253605, "cider": 0.8889114572879396, "spice": 0.22479212474401722, "clipscore": 0.6366230085784313, "clipscore_std": 0.10296006545860158, "ref_clipscore": 0.7371897977941176, "ref_clipscore_std": 0.0631241090116082}, "news": {"bleu": [0.3690062543430375, 0.2496491879925363, 0.17201487981407537, 0.11869329560017473], "meteor": 0.1899876041544215, "rouge": 0.41619577983338274, "cider": 0.8704693400260017, "spice": 0.2258431221092551, "clipscore": 0.6704559326171875, "clipscore_std": 0.12104693560241561, "ref_clipscore": 0.7521464029947916, "ref_clipscore_std": 0.0787228116769974}, "science_journals": {"bleu": [0.37682038834928594, 0.27049770321837474, 0.19843923375869585, 0.1460660087951432], "meteor": 0.197667045339868, "rouge": 0.42241509399871746, "cider": 0.997420290871383, "spice": 0.2421589922826273, "clipscore": 0.6908980389030612, "clipscore_std": 0.11119679722446316, "ref_clipscore": 0.7612802933673469, "ref_clipscore_std": 0.06562677385829677}}
