{"social_media": {"bleu": [0.3225806451592092, 0.18267570054050408, 0.09962368347981602, 0.05303278605558416], "meteor": 0.1735761414951707, "rouge": 0.31027320366804606, "cider": 0.5159409997747221, "spice": 0.1926605149236728}, "news": {"bleu": [0.28571428571188473, 0.14285714285590487, 0.07298185070349461, 7.936054382817306e-06], "meteor": 0.16456114153560586, "rouge": 0.2857824539938481, "cider": 0.19668450474706586, "spice": 0.15276488217664688}, "shopping": {"bleu": [0.4202898550704334, 0.2639798563733652, 0.18007769989372113, 0.12071514980751069], "meteor": 0.18908485918619114, "rouge": 0.4207639287520511, "cider": 0.8123558601771522, "spice": 0.20736313376064933}, "science_journals": {"bleu": [0.4787878787849771, 0.34484001589171387, 0.24293404072968908, 0.1606965916040936], "meteor": 0.23338371902330052, "rouge": 0.4473507265786211, "cider": 0.9841728247371268, "spice": 0.331390977443609}, "travel": {"bleu": [0.33333333333015874, 0.2102800206247793, 0.15723463089813422, 0.116642368702718], "meteor": 0.20144406258520692, "rouge": 0.3357806242203497, "cider": 0.44442014767485744, "spice": 0.18997423530815835}, "health": {"bleu": [0.44615384615155823, 0.3091996047917592, 0.22449519523937328, 0.16806307658614628], "meteor": 0.1982608338905282, "rouge": 0.412830508549095, "cider": 0.8478298917924035, "spice": 0.18497068982898945}}