{"bleu": [0.3932346723040241, 0.2541145608995608, 0.17321934621354163, 0.11775052015828479], "meteor": 0.19537751514808457, "rouge": 0.382212284393496, "cider": 0.7150433598963779, "spice": 0.21603450065681945, "bertscore_avg_precision": 0.8925311801925538, "bertscore_avg_recall": 0.9107460720198495, "bertscore_avg_f1": 0.8995540473196242, "full_bertscore": {"precision": [0.8891099691390991, 0.875496506690979, 0.837881326675415, 0.8587440848350525, 0.8745211362838745, 0.8768590688705444, 0.8590798377990723, 0.8745000958442688, 0.9999999403953552, 0.8752179741859436, 0.9429256916046143, 0.859754204750061, 0.8912129402160645, 0.8876695036888123, 0.8904024958610535, 0.8901282548904419, 0.9251267910003662, 0.9620788097381592, 0.9111349582672119, 0.9006613492965698, 0.8766630291938782, 0.8767576217651367, 0.9249719381332397, 0.8838844895362854, 0.9100567698478699, 0.8830044269561768, 0.9177900552749634, 0.8814074397087097, 0.9056980013847351, 0.8358290195465088, 0.9028235673904419, 0.9168264269828796, 0.8803820013999939, 0.9275255799293518, 0.9149476885795593, 0.882386326789856, 0.9095056056976318, 0.9085143804550171, 0.8633868098258972, 0.8782640695571899, 0.8672900795936584, 0.8940434455871582, 0.9266219139099121, 0.8886184692382812, 0.891882061958313, 0.9171268939971924, 0.9399977922439575, 0.8292043209075928, 0.8723822832107544, 0.8989922404289246, 0.8953719139099121, 0.9027391672134399, 0.8642139434814453, 0.8819280862808228, 0.8720190525054932, 0.8892602324485779, 0.8840072154998779, 0.8805537223815918, 0.8715474605560303, 0.855330765247345, 0.9111349582672119, 0.9631953835487366, 0.8688727617263794], "recall": [0.9171854853630066, 0.891264021396637, 0.8938028812408447, 0.9007327556610107, 0.8824714422225952, 0.9057694673538208, 0.8942352533340454, 0.9103485345840454, 0.9999999403953552, 0.8447547554969788, 0.983096718788147, 0.8772509098052979, 0.9307039976119995, 0.914358377456665, 0.917230486869812, 0.8942792415618896, 0.9271256923675537, 0.9499021768569946, 0.8826626539230347, 0.9589723348617554, 0.8718908429145813, 0.8785467743873596, 0.9208588004112244, 0.8690740466117859, 0.9390507340431213, 0.8880130648612976, 0.9155376553535461, 0.8929164409637451, 0.9180026650428772, 0.8750419616699219, 0.9325823187828064, 0.9529323577880859, 0.8832981586456299, 0.9442934989929199, 0.9241493940353394, 0.9108262658119202, 0.9127272367477417, 0.9465320110321045, 0.930317223072052, 0.900734543800354, 0.9124017953872681, 0.9101386070251465, 0.9465031623840332, 0.8935901522636414, 0.8934007883071899, 0.8996367454528809, 0.9716702699661255, 0.8360146880149841, 0.9348348379135132, 0.9503154158592224, 0.9056901931762695, 0.8894325494766235, 0.8878562450408936, 0.8593086004257202, 0.8959721922874451, 0.8952699899673462, 0.957706093788147, 0.9113893508911133, 0.8673726320266724, 0.9386610984802246, 0.8826626539230347, 0.9631953835487366, 0.8905059695243835], "f1": [0.9010618329048157, 0.8833098411560059, 0.8649392127990723, 0.8792374134063721, 0.8764079213142395, 0.891079843044281, 0.8758309483528137, 0.8830108046531677, 0.9999999403953552, 0.8584620356559753, 0.9625923037528992, 0.858826756477356, 0.9104005694389343, 0.9008163213729858, 0.9036174416542053, 0.8921989798545837, 0.926125168800354, 0.9559517502784729, 0.8966728448867798, 0.9273375868797302, 0.8742704391479492, 0.8776512742042542, 0.9229108095169067, 0.8764166831970215, 0.9243264198303223, 0.8855016827583313, 0.9166624546051025, 0.8794654607772827, 0.8946536183357239, 0.8523769974708557, 0.9173411130905151, 0.9291808605194092, 0.8818376660346985, 0.9339892864227295, 0.9088066816329956, 0.8963807225227356, 0.9029198884963989, 0.9160351753234863, 0.8956032991409302, 0.8822884559631348, 0.8892741799354553, 0.9014312624931335, 0.9364570379257202, 0.891097366809845, 0.8917980790138245, 0.908297598361969, 0.9555716514587402, 0.8325955271720886, 0.9008333683013916, 0.9239416718482971, 0.9005014896392822, 0.8960364460945129, 0.8710653781890869, 0.8666470050811768, 0.8838333487510681, 0.8900566101074219, 0.9193820357322693, 0.8957062363624573, 0.8663949370384216, 0.895060658454895, 0.8966728448867798, 0.9631953835487366, 0.8795563578605652], "hashcode": "roberta-large_L17_no-idf_version=0.3.12(hug_trans=4.34.0)"}}