{"bleu": [0.44839449541232984, 0.3087593364183421, 0.222330958609703, 0.16218545119906874], "meteor": 0.2273414848870392, "rouge": 0.43845204314014813, "cider": 1.20230378725207, "spice": 0.24974601066353389, "bertscore_avg_precision": 0.9025972296321203, "bertscore_avg_recall": 0.9173801096658858, "bertscore_avg_f1": 0.9076062109735277, "full_bertscore": {"precision": [0.8989729285240173, 0.875496506690979, 0.874939501285553, 0.849448025226593, 0.8745210766792297, 0.9005507230758667, 0.8713220357894897, 0.875956654548645, 1.0, 0.8715558052062988, 1.0, 0.8548785448074341, 0.8912128806114197, 0.9027705192565918, 0.9119475483894348, 0.873909592628479, 0.9251267910003662, 0.9620787501335144, 0.9250199198722839, 0.8875008225440979, 0.8453184962272644, 0.9119839668273926, 0.8831454515457153, 0.8838844299316406, 0.9070675373077393, 0.9010791778564453, 0.9177900552749634, 0.8894712924957275, 0.9056980609893799, 0.8410727977752686, 0.9066763520240784, 0.9357659220695496, 0.886816143989563, 0.9275256991386414, 0.9149476885795593, 0.9410828351974487, 0.9230241775512695, 0.8943860530853271, 0.9176808595657349, 0.8895978927612305, 0.8760893940925598, 0.9116368293762207, 0.9448648691177368, 0.9397968053817749, 0.891882061958313, 0.9066885709762573, 0.9399979114532471, 0.8585863709449768, 0.8883510231971741, 0.9154768586158752, 0.9219567775726318, 0.9027391672134399, 0.8683210611343384, 0.8946312069892883, 0.8720190525054932, 0.8872389793395996, 0.858475387096405, 0.882881760597229, 0.8860557079315186, 0.962374210357666, 0.9250199198722839, 1.0, 0.8773180246353149], "recall": [0.9173786640167236, 0.8912640810012817, 0.8969482779502869, 0.9086747169494629, 0.8824713826179504, 0.9211196899414062, 0.8955200910568237, 0.9099934101104736, 1.0, 0.848888635635376, 1.0, 0.8766646385192871, 0.9307039380073547, 0.9171702861785889, 0.933968186378479, 0.8962537050247192, 0.9271256327629089, 0.9499022960662842, 0.8834802508354187, 0.9628168344497681, 0.8755100965499878, 0.8991610407829285, 0.8846845626831055, 0.8690739870071411, 0.9346040487289429, 0.8894969820976257, 0.9155377149581909, 0.8986478447914124, 0.918002724647522, 0.8593859672546387, 0.9513409733772278, 0.9585306644439697, 0.896822452545166, 0.9442934393882751, 0.9241494536399841, 0.9630995988845825, 0.916645884513855, 0.9460881948471069, 0.9602402448654175, 0.9027729034423828, 0.8844500184059143, 0.9134809970855713, 0.954331636428833, 0.9274374842643738, 0.8934009075164795, 0.9192916750907898, 0.9716702699661255, 0.8615328073501587, 0.9490236043930054, 0.9526189565658569, 0.9510033130645752, 0.8894324898719788, 0.8924344182014465, 0.9052841663360596, 0.8959721326828003, 0.892845094203949, 0.9482777118682861, 0.9241551160812378, 0.8645564317703247, 0.9607216119766235, 0.8834802508354187, 1.0, 0.9011123180389404], "f1": [0.9052221775054932, 0.8833099603652954, 0.8854917287826538, 0.8780637979507446, 0.8764079213142395, 0.9107190370559692, 0.8757341504096985, 0.8825154304504395, 1.0, 0.8567114472389221, 1.0, 0.8614105582237244, 0.9104005694389343, 0.9099134206771851, 0.9196875691413879, 0.8849406242370605, 0.9261251091957092, 0.9559517502784729, 0.9037730097770691, 0.9236259460449219, 0.8601495027542114, 0.9055270552635193, 0.8839143514633179, 0.8764166235923767, 0.9206299185752869, 0.8952506184577942, 0.9166625142097473, 0.8883603811264038, 0.8946536779403687, 0.843787431716919, 0.9264123439788818, 0.9457825422286987, 0.8917912244796753, 0.9339892268180847, 0.9088066816329956, 0.9517514705657959, 0.9159715175628662, 0.9129689335823059, 0.9384782910346985, 0.8878206610679626, 0.8802498579025269, 0.9108077883720398, 0.9479132890701294, 0.9335762858390808, 0.891798198223114, 0.9129466414451599, 0.9555717706680298, 0.86005699634552, 0.9158509969711304, 0.9336786270141602, 0.9362548589706421, 0.8960363864898682, 0.8765283823013306, 0.8782047033309937, 0.8838333487510681, 0.8859515190124512, 0.901144802570343, 0.9030470848083496, 0.8751740455627441, 0.9586074948310852, 0.9037730097770691, 1.0, 0.8890560269355774], "hashcode": "roberta-large_L17_no-idf_version=0.3.12(hug_trans=4.34.0)"}}