{"social_media": {"bleu": [0.33121019108069294, 0.19571208285749303, 0.12508471697643442, 0.08860684137701136], "meteor": 0.18647432304352848, "rouge": 0.3281911975678924, "cider": 0.604800609605258, "spice": 0.20942532588184762}, "news": {"bleu": [0.39823008849205105, 0.2373885304910936, 0.14171574077682067, 0.07457900958762917], "meteor": 0.22345121128257833, "rouge": 0.3405595210633306, "cider": 0.28652566613267055, "spice": 0.15212511803728937}, "shopping": {"bleu": [0.45789473683969534, 0.31442588373502955, 0.22633847684498695, 0.1629536115603033], "meteor": 0.2304486388074191, "rouge": 0.48213075142454637, "cider": 1.0299939733121064, "spice": 0.21815714306397535}, "science_journals": {"bleu": [0.5102040816291823, 0.37394345997797, 0.2784967456146399, 0.19863548974241182], "meteor": 0.2503153892310077, "rouge": 0.5373958720222787, "cider": 2.5441410427441697, "spice": 0.38052779741376236}, "travel": {"bleu": [0.48999999999509997, 0.34046141997621127, 0.2662288598378123, 0.20907739150318472], "meteor": 0.26216662798356505, "rouge": 0.40060324862401403, "cider": 0.9663018998372188, "spice": 0.30781119465329987}, "health": {"bleu": [0.5030303030272544, 0.3772328527548514, 0.28240711365524995, 0.21955833358187746], "meteor": 0.22474980465933936, "rouge": 0.4579881823175388, "cider": 1.1565421315232707, "spice": 0.2153582809453255}}
