{"travel": {"bleu": [0.20528653450328183, 0.12655014555906283, 0.07887965237144183, 0.05020960125222658], "meteor": 0.18307884924814755, "rouge": 0.2885447517931193, "cider": 0.22017766555700358, "spice": 0.19639057113541714, "clipscore": 0.7605572324810606, "clipscore_std": 0.10787495934952046, "ref_clipscore": 0.7458200165719697, "ref_clipscore_std": 0.0768658109074455}, "shopping": {"bleu": [0.21249589670639976, 0.13090013994554606, 0.08213990901475218, 0.05455452254993966], "meteor": 0.1803619869598602, "rouge": 0.3067299014160127, "cider": 0.29040996402297115, "spice": 0.17937825845550165, "clipscore": 0.7826852509469697, "clipscore_std": 0.10983016121365433, "ref_clipscore": 0.7486387310606061, "ref_clipscore_std": 0.07211488015491374}, "social_media": {"bleu": [0.19840743198405236, 0.12206404352331479, 0.07769207408440647, 0.05091755513596635], "meteor": 0.17224544763259708, "rouge": 0.28513426375375694, "cider": 0.2555779241117986, "spice": 0.18440474928491352, "clipscore": 0.7801846590909091, "clipscore_std": 0.09727323047979891, "ref_clipscore": 0.7479359019886364, "ref_clipscore_std": 0.07601715215875215}, "health": {"bleu": [0.2195272353545509, 0.13860977371238517, 0.09016078229791698, 0.059830660476173726], "meteor": 0.1848212818326887, "rouge": 0.30848524168855723, "cider": 0.2433954637104677, "spice": 0.20437435059397938, "clipscore": 0.8052867542613636, "clipscore_std": 0.09049651328031451, "ref_clipscore": 0.7791859019886364, "ref_clipscore_std": 0.06238770050951118}, "news": {"bleu": [0.18821782178215957, 0.11724165028032185, 0.07383067129242817, 0.04881158510680367], "meteor": 0.17214704396534056, "rouge": 0.2658676594976097, "cider": 0.13527499010908856, "spice": 0.17554605107770535, "clipscore": 0.7865249171401515, "clipscore_std": 0.10242454555824694, "ref_clipscore": 0.7562588778409091, "ref_clipscore_std": 0.0635702745735783}, "science_journals": {"bleu": [0.18786982248518858, 0.11801771982245013, 0.07713481615436527, 0.05156392158568625], "meteor": 0.17260737794451073, "rouge": 0.2645610755871851, "cider": 0.18366961381068564, "spice": 0.17319373736891086, "clipscore": 0.7865915009469697, "clipscore_std": 0.08212054694801138, "ref_clipscore": 0.7517681699810606, "ref_clipscore_std": 0.0693024168581409}}